id,first_name,last_name,email,gender,ip_address,date
1,Willem,Redparth,wredparth0@engadget.com,Male,153.14.222.163,2021/10/07
2,Quillan,Cleverly,qcleverly1@abc.net.au,Male,159.126.61.107,2021/10/13
3,Gayle,Ludye,gludye2@arstechnica.com,Male,135.223.50.24,2021/08/09
4,Connie,Hammersley,chammersley3@theguardian.com,Female,8.78.107.142,2022/04/27
5,Munmro,Aldis,maldis4@discuz.net,Male,145.136.160.49,2021/09/24
6,Rollins,Makey,rmakey5@latimes.com,Male,181.163.102.159,2021/10/15
7,Isabeau,Olliver,iolliver6@yale.edu,Female,202.160.213.15,2021/08/21
8,Wilfred,Ikins,wikins7@scientificamerican.com,Agender,31.8.105.230,2022/04/17
9,Nanci,Fleet,nfleet8@diigo.com,Non-binary,232.236.175.25,2021/10/29
10,Eloisa,Brabbins,ebrabbins9@census.gov,Female,130.10.79.21,2021/07/16
11,Kate,Godmar,kgodmara@hugedomains.com,Female,166.162.13.177,2022/02/20
12,Maximo,Bramwich,mbramwichb@biglobe.ne.jp,Non-binary,44.143.84.160,2022/06/18
13,Sherm,Serjeantson,sserjeantsonc@qq.com,Male,27.68.13.132,2022/03/12
14,Zackariah,Close,zclosed@free.fr,Male,195.34.16.59,2022/06/14
15,Ham,Mellmoth,hmellmothe@seattletimes.com,Male,239.128.81.202,2022/03/07
16,Gunther,Highton,ghightonf@google.co.uk,Genderfluid,77.89.14.151,2021/12/22
17,Christoper,Guare,cguareg@loc.gov,Male,217.189.145.121,2022/05/31
18,Whit,Tamsett,wtamsetth@list-manage.com,Male,169.85.68.196,2022/01/15
19,Viv,Tarpey,vtarpeyi@sourceforge.net,Polygender,123.105.199.67,2022/05/03
20,Linnea,Walesby,lwalesbyj@discuz.net,Female,126.46.233.209,2022/05/24
21,Ted,Lewsie,tlewsiek@businesswire.com,Male,131.84.131.165,2022/04/30
22,Parke,Woan,pwoanl@dagondesign.com,Male,60.57.129.36,2022/05/18
23,Georgina,Doud,gdoudm@cpanel.net,Female,20.208.13.100,2022/02/23
24,Beckie,Petrosian,bpetrosiann@about.me,Female,247.17.116.81,2022/03/23
25,Cornelia,Columbine,ccolumbineo@patch.com,Female,83.225.138.45,2022/04/28
26,Smitty,Zmitruk,szmitrukp@usda.gov,Male,96.60.211.14,2022/02/18
27,Merilyn,Joseland,mjoselandq@squidoo.com,Female,213.178.36.145,2021/10/11
28,Verine,Broadhead,vbroadheadr@quantcast.com,Female,25.218.74.102,2021/08/16
29,Sauveur,Gavrieli,sgavrielis@sciencedaily.com,Polygender,59.234.247.19,2022/02/19
30,Gustave,Gossington,ggossingtont@indiatimes.com,Male,91.133.207.137,2021/06/16
31,Lisle,Bus,lbusu@xrea.com,Male,87.166.135.253,2021/08/04
32,Dewey,Bolam,dbolamv@digg.com,Male,22.116.226.38,2022/02/15
33,Karry,Swatheridge,kswatheridgew@whitehouse.gov,Female,218.45.252.88,2022/04/16
34,Greer,Dunnan,gdunnanx@multiply.com,Female,130.46.229.56,2021/07/28
35,De,Lain,dlainy@gravatar.com,Female,33.41.184.74,2021/10/01
36,Keven,Amaya,kamayaz@bluehost.com,Male,23.209.203.146,2021/06/15
37,Bambi,Perell,bperell10@twitter.com,Female,46.105.39.138,2021/10/22
38,Yvor,McLennan,ymclennan11@facebook.com,Male,27.83.167.136,2021/12/12
39,Chrissie,Fulham,cfulham12@ted.com,Male,90.86.161.239,2021/08/09
40,Carla,Thomton,cthomton13@ebay.co.uk,Female,0.245.228.21,2021/11/12
41,Madeleine,Torrans,mtorrans14@bigcartel.com,Female,63.46.148.230,2021/09/29
42,Barrett,Paddock,bpaddock15@howstuffworks.com,Male,200.82.0.40,2021/11/15
43,Irena,Jobin,ijobin16@google.cn,Female,25.38.72.215,2022/02/25
44,Padgett,Bucher,pbucher17@sbwire.com,Male,69.56.116.240,2022/02/27
45,Clive,Cholmondeley,ccholmondeley18@youku.com,Male,134.251.124.70,2022/05/12
46,Amos,Izacenko,aizacenko19@chron.com,Male,26.89.208.11,2022/04/20
47,Wyatt,Richold,wrichold1a@plala.or.jp,Male,13.254.210.245,2021/08/26
48,Barnett,Kubista,bkubista1b@liveinternet.ru,Male,57.158.77.254,2022/02/18
49,Ranna,Joinson,rjoinson1c@mtv.com,Female,3.142.198.141,2021/08/24
50,Lira,Lowndsbrough,llowndsbrough1d@constantcontact.com,Polygender,138.56.72.11,2021/09/13
51,Alexi,Whittlesee,awhittlesee1e@livejournal.com,Female,143.212.252.142,2021/11/12
52,Cornelia,Sterrie,csterrie1f@squidoo.com,Female,137.130.121.193,2022/04/20
53,Leshia,Lorroway,llorroway1g@aboutads.info,Female,137.54.47.170,2021/10/30
54,Ag,Maffy,amaffy1h@wikia.com,Female,95.53.181.248,2022/05/13
55,Park,Turner,pturner1i@cdc.gov,Male,169.53.56.121,2021/09/13
56,Stacia,Stoffers,sstoffers1j@latimes.com,Female,63.63.38.82,2021/12/01
57,Dorian,Hillyatt,dhillyatt1k@xing.com,Female,18.99.206.191,2021/10/24
58,Neysa,Ahlin,nahlin1l@gmpg.org,Female,46.213.108.246,2022/01/13
59,Kathryne,Pucknell,kpucknell1m@cpanel.net,Genderqueer,27.121.197.109,2021/12/30
60,Carena,Frear,cfrear1n@soup.io,Female,42.220.98.71,2022/01/16
61,Arnoldo,Traves,atraves1o@slideshare.net,Male,193.247.253.64,2021/09/11
62,Abigale,Washtell,awashtell1p@theatlantic.com,Female,10.35.30.207,2022/03/05
63,Donella,Cowans,dcowans1q@dagondesign.com,Female,50.229.68.14,2022/05/13
64,Marlon,Antonov,mantonov1r@miibeian.gov.cn,Male,2.224.43.240,2021/06/16
65,Tracy,Gambles,tgambles1s@usnews.com,Male,86.80.107.0,2022/03/27
66,Issie,Sollom,isollom1t@discuz.net,Female,0.241.80.116,2021/12/11
67,Calv,Mease,cmease1u@engadget.com,Male,111.248.82.41,2022/03/28
68,Haily,Pinnick,hpinnick1v@apache.org,Female,124.12.36.195,2022/04/30
69,Nichole,Landall,nlandall1w@friendfeed.com,Female,174.70.195.104,2022/02/23
70,Menard,Sinnie,msinnie1x@pen.io,Male,65.225.163.136,2021/10/16
71,Claudine,Scoffham,cscoffham1y@shop-pro.jp,Female,82.187.164.26,2021/09/12
72,Tracee,Clackers,tclackers1z@disqus.com,Female,104.57.242.195,2022/05/22
73,Abagael,Lipgens,alipgens20@jugem.jp,Female,28.244.124.149,2022/04/06
74,Ellette,Windebank,ewindebank21@yandex.ru,Female,12.196.215.176,2022/04/15
75,Parnell,Tamburo,ptamburo22@infoseek.co.jp,Male,175.239.71.148,2021/08/01
76,Glendon,Juara,gjuara23@bravesites.com,Male,22.214.205.106,2021/06/23
77,Bernita,Gowry,bgowry24@harvard.edu,Female,38.121.54.204,2022/05/26
78,Dacia,Anlay,danlay25@dropbox.com,Female,155.100.223.94,2021/09/09
79,Gordy,Scullin,gscullin26@addthis.com,Male,105.202.166.170,2021/10/14
80,Darline,Briton,dbriton27@blog.com,Female,137.100.69.29,2021/10/31
81,Graehme,Germon,ggermon28@1688.com,Male,97.91.195.13,2021/11/18
82,Beale,Parry,bparry29@reddit.com,Male,217.158.159.48,2022/04/28
83,Gilberto,Menis,gmenis2a@ucoz.ru,Male,115.245.34.240,2021/07/17
84,Darby,Hargerie,dhargerie2b@icio.us,Female,254.193.90.50,2021/09/30
85,El,Diggens,ediggens2c@t.co,Bigender,60.117.65.47,2021/06/25
86,Salmon,Laible,slaible2d@sogou.com,Male,100.145.137.110,2022/02/13
87,Stu,Rubinek,srubinek2e@wunderground.com,Male,153.41.138.180,2021/12/21
88,Bent,Cicchinelli,bcicchinelli2f@utexas.edu,Male,142.91.92.34,2021/07/25
89,Florinda,Balsillie,fbalsillie2g@smugmug.com,Female,39.236.36.48,2021/07/29
90,Jillane,Audley,jaudley2h@phoca.cz,Female,200.253.138.173,2021/08/26
91,Jesus,Heathwood,jheathwood2i@cmu.edu,Male,121.200.89.59,2021/09/03
92,Wilmette,Petry,wpetry2j@yellowpages.com,Female,29.208.132.79,2021/06/07
93,Raoul,Gossart,rgossart2k@hhs.gov,Male,128.18.171.52,2022/06/29
94,Seth,Rains,srains2l@1688.com,Male,178.28.51.146,2022/03/14
95,Ciro,Jakubowicz,cjakubowicz2m@nbcnews.com,Male,209.197.253.211,2021/07/18
96,Maisey,Chishull,mchishull2n@apache.org,Female,243.153.199.69,2022/03/28
97,Jessalyn,Muttock,jmuttock2o@statcounter.com,Female,187.253.124.151,2021/10/06
98,Spense,Boyfield,sboyfield2p@blinklist.com,Male,224.89.189.167,2021/06/07
99,Craggie,Dimont,cdimont2q@cbc.ca,Male,246.52.179.103,2022/01/12
100,Lurette,Bailles,lbailles2r@so-net.ne.jp,Female,248.221.88.1,2021/12/12
101,Branden,Woffinden,bwoffinden2s@smugmug.com,Male,73.16.117.57,2021/12/11
102,Aila,Saill,asaill2t@issuu.com,Female,82.193.185.188,2021/07/22
103,Trina,Paladini,tpaladini2u@hexun.com,Female,86.170.12.61,2022/05/28
104,Jarrod,Lasty,jlasty2v@europa.eu,Male,219.94.151.190,2021/12/10
105,Mollee,Pettendrich,mpettendrich2w@washington.edu,Female,95.118.201.3,2022/06/10
106,Katharine,Wardlow,kwardlow2x@nytimes.com,Female,69.135.173.20,2021/10/22
107,Weber,Ricks,wricks2y@amazon.de,Male,142.241.64.92,2022/04/18
108,Drusy,Coners,dconers2z@chron.com,Female,20.38.171.63,2021/06/06
109,Ikey,McGarrell,imcgarrell30@berkeley.edu,Male,83.8.135.53,2022/01/01
110,Jennie,Wogden,jwogden31@homestead.com,Female,221.193.184.74,2022/04/10
111,Wynn,Muzzall,wmuzzall32@creativecommons.org,Female,124.7.78.161,2021/09/15
112,Bobbie,Unwins,bunwins33@tiny.cc,Male,225.111.228.74,2021/09/03
113,Jacky,Toffts,jtoffts34@facebook.com,Female,66.22.106.129,2021/06/26
114,Kristan,Claibourn,kclaibourn35@people.com.cn,Female,119.121.72.102,2021/10/04
115,Lindsay,Langsdon,llangsdon36@tripadvisor.com,Female,184.139.131.128,2021/07/20
116,Ernest,Danilchik,edanilchik37@gov.uk,Male,161.52.242.38,2021/12/13
117,Kerri,Sifflett,ksifflett38@pinterest.com,Female,216.153.55.243,2022/04/26
118,Milton,Boot,mboot39@ovh.net,Non-binary,223.95.168.107,2022/04/13
119,Lona,Vasyunkin,lvasyunkin3a@unblog.fr,Female,197.187.172.22,2021/07/04
120,Thornie,Donett,tdonett3b@hao123.com,Non-binary,59.130.245.79,2021/06/26
121,Omar,Hallstone,ohallstone3c@about.com,Male,73.75.244.28,2022/04/28
122,Kirstin,Manns,kmanns3d@g.co,Female,227.164.31.32,2021/07/08
123,Mickie,Emblin,memblin3e@netvibes.com,Female,26.220.103.235,2022/04/26
124,Dar,Corselles,dcorselles3f@addtoany.com,Male,182.53.16.110,2022/04/08
125,Theodora,Millthorpe,tmillthorpe3g@zimbio.com,Female,46.60.194.195,2022/06/03
126,Clarey,Brundall,cbrundall3h@mlb.com,Female,221.163.142.55,2022/02/28
127,Artair,Eatttok,aeatttok3i@scientificamerican.com,Male,142.86.48.211,2022/06/12
128,Hilde,Noller,hnoller3j@mozilla.com,Female,120.123.206.78,2021/07/01
129,Korey,Salliss,ksalliss3k@booking.com,Male,29.177.136.254,2021/11/13
130,Myra,Edyson,medyson3l@deviantart.com,Female,128.182.229.125,2021/07/02
131,Estevan,Axelby,eaxelby3m@mayoclinic.com,Male,174.202.218.144,2022/01/14
132,Candis,Oehme,coehme3n@surveymonkey.com,Female,21.32.119.206,2021/06/10
133,Steffie,Barthel,sbarthel3o@oracle.com,Female,75.39.221.118,2022/05/11
134,Quinton,Bum,qbum3p@bloglines.com,Male,208.9.116.127,2022/03/02
135,Joye,Klewer,jklewer3q@wp.com,Female,100.56.197.223,2021/08/20
136,Jeff,Dismore,jdismore3r@tiny.cc,Non-binary,184.70.158.1,2022/06/03
137,Ann-marie,Fullick,afullick3s@toplist.cz,Female,79.76.156.234,2022/01/22
138,Sawyere,Wheelhouse,swheelhouse3t@zimbio.com,Male,84.32.226.20,2022/04/07
139,Alyce,Dy,ady3u@github.io,Female,183.148.172.14,2021/10/30
140,Arley,Sweetland,asweetland3v@businessweek.com,Male,120.124.150.7,2022/01/04
141,Livy,Baline,lbaline3w@dagondesign.com,Female,114.99.87.249,2021/08/13
142,Sybil,Sealand,ssealand3x@xrea.com,Female,178.253.115.186,2021/11/23
143,Brnaba,Starsmeare,bstarsmeare3y@stumbleupon.com,Male,214.234.0.113,2021/07/14
144,Gracia,Matzkaitis,gmatzkaitis3z@army.mil,Female,138.155.204.156,2021/12/02
145,Duke,Shills,dshills40@java.com,Male,68.90.82.56,2022/01/22
146,Gregorius,Rapley,grapley41@abc.net.au,Male,127.154.163.251,2021/11/12
147,Gusty,Mellsop,gmellsop42@marketwatch.com,Female,139.227.0.49,2022/04/08
148,Aveline,Simper,asimper43@timesonline.co.uk,Female,21.248.22.110,2022/04/24
149,Jonie,Maunder,jmaunder44@yandex.ru,Female,180.241.144.243,2022/06/14
150,Talyah,Belderfield,tbelderfield45@netscape.com,Female,15.11.58.4,2021/12/14
151,Hillary,Haugg,hhaugg46@biblegateway.com,Female,147.1.191.140,2022/01/04
152,Mano,Petrovic,mpetrovic47@canalblog.com,Male,42.101.163.85,2022/04/20
153,Jordan,Linkleter,jlinkleter48@4shared.com,Male,23.222.144.251,2021/06/18
154,Weider,Corriea,wcorriea49@sohu.com,Male,87.20.140.176,2021/12/19
155,Gnni,Baughan,gbaughan4a@myspace.com,Female,243.33.32.65,2022/03/24
156,Sigismundo,Riditch,sriditch4b@msn.com,Male,65.51.233.169,2021/09/25
157,Griswold,Fort,gfort4c@umn.edu,Male,64.129.166.186,2021/11/20
158,Nickie,Labet,nlabet4d@shop-pro.jp,Male,98.205.79.130,2022/04/25
159,Alfy,Tubridy,atubridy4e@dell.com,Male,82.136.126.25,2021/10/13
160,Nessi,Drew-Clifton,ndrewclifton4f@ibm.com,Female,105.149.73.185,2022/05/24
161,Alfi,Sans,asans4g@google.pl,Female,176.34.218.39,2022/02/16
162,Raul,Rewan,rrewan4h@sciencedirect.com,Male,155.110.51.160,2021/07/05
163,Dre,Handmore,dhandmore4i@hc360.com,Female,181.236.74.243,2021/08/12
164,Boris,Atlay,batlay4j@yelp.com,Male,190.195.33.69,2022/04/23
165,Natividad,Fanthom,nfanthom4k@yahoo.com,Female,145.254.151.156,2021/11/18
166,Dacey,Simonard,dsimonard4l@shutterfly.com,Polygender,111.118.220.131,2022/03/23
167,Hagen,Dallywater,hdallywater4m@mail.ru,Male,123.144.62.134,2021/07/01
168,Ken,Hovington,khovington4n@ifeng.com,Male,119.159.82.25,2021/06/02
169,Loria,Thay,lthay4o@creativecommons.org,Female,202.60.10.70,2021/09/12
170,Wilden,Nuton,wnuton4p@answers.com,Male,222.77.70.249,2022/05/22
171,Celia,Bromell,cbromell4q@twitter.com,Female,155.51.207.225,2021/08/26
172,Rudie,Ingolotti,ringolotti4r@kickstarter.com,Non-binary,83.76.220.165,2021/09/13
173,Neysa,Baptiste,nbaptiste4s@networksolutions.com,Female,130.97.64.211,2021/10/10
174,Maurita,Pechan,mpechan4t@mozilla.org,Female,184.74.231.228,2022/05/12
175,Jim,Nealon,jnealon4u@dropbox.com,Male,66.224.137.173,2022/05/17
176,Malcolm,Youings,myouings4v@businessinsider.com,Male,198.143.150.9,2021/08/20
177,Chev,Myhill,cmyhill4w@reference.com,Male,154.136.253.165,2022/02/12
178,Rosy,Fulbrook,rfulbrook4x@china.com.cn,Female,153.201.232.73,2021/09/05
179,Drusi,Mauchline,dmauchline4y@prnewswire.com,Female,191.35.120.45,2022/02/21
180,Tirrell,Lugden,tlugden4z@ft.com,Male,54.118.0.244,2022/05/31
181,Flinn,Bake,fbake50@cyberchimps.com,Male,86.146.255.5,2021/07/21
182,Rozella,MacIntosh,rmacintosh51@usgs.gov,Female,166.162.155.110,2022/06/24
183,Norene,Haile,nhaile52@cisco.com,Female,171.229.74.231,2022/01/19
184,Edvard,Duchan,educhan53@rambler.ru,Male,93.1.166.73,2022/01/17
185,Fred,McCambridge,fmccambridge54@soup.io,Male,25.55.28.25,2021/08/30
186,Tish,MacKaile,tmackaile55@elegantthemes.com,Female,148.101.169.230,2021/12/02
187,Redd,Laurentin,rlaurentin56@weather.com,Male,202.156.115.204,2021/12/17
188,Isidro,Eastbrook,ieastbrook57@arstechnica.com,Male,61.79.98.68,2022/01/30
189,Ainsley,Courtenay,acourtenay58@yellowbook.com,Female,230.102.134.105,2021/08/01
190,Goldy,Buick,gbuick59@instagram.com,Female,102.41.118.72,2021/09/21
191,Javier,Matschke,jmatschke5a@ycombinator.com,Male,0.135.48.8,2022/05/19
192,Tadeo,Miklem,tmiklem5b@netlog.com,Male,0.204.210.56,2021/06/23
193,Lanie,McHardy,lmchardy5c@nature.com,Female,41.107.65.22,2021/10/31
194,Kirstyn,Mager,kmager5d@ox.ac.uk,Female,19.109.62.78,2022/05/27
195,Whitney,Columbell,wcolumbell5e@addthis.com,Female,96.98.42.225,2021/10/15
196,Hortensia,MacRury,hmacrury5f@paginegialle.it,Female,218.253.124.229,2022/06/07
197,Nani,McClounan,nmcclounan5g@tuttocitta.it,Female,198.33.37.116,2021/07/08
198,Addie,Stapels,astapels5h@csmonitor.com,Male,121.29.239.120,2021/10/29
199,Kass,Stormes,kstormes5i@stumbleupon.com,Female,132.142.159.52,2022/03/04
200,Jeremy,Jirik,jjirik5j@friendfeed.com,Male,165.49.136.89,2022/06/18
201,Jock,D'Cruze,jdcruze5k@illinois.edu,Male,6.238.57.178,2021/10/27
202,Ermina,Crinkley,ecrinkley5l@flickr.com,Female,248.131.129.52,2022/06/28
203,Noel,Giabucci,ngiabucci5m@pbs.org,Male,59.93.235.223,2021/12/01
204,Rossy,Welsh,rwelsh5n@loc.gov,Male,58.193.150.134,2022/04/08
205,Northrop,Dolman,ndolman5o@cam.ac.uk,Male,182.203.8.103,2022/02/04
206,Jana,Sinkinson,jsinkinson5p@tinyurl.com,Agender,124.103.88.140,2021/12/06
207,Roselia,Cormack,rcormack5q@cargocollective.com,Female,105.28.99.126,2021/12/20
208,Ariel,Vasilchenko,avasilchenko5r@jigsy.com,Female,53.58.146.40,2022/06/06
209,Nicoline,Argue,nargue5s@ameblo.jp,Female,190.72.19.11,2021/09/10
210,Marji,Beneteau,mbeneteau5t@over-blog.com,Female,149.82.168.255,2022/03/19
211,Wendel,Bowton,wbowton5u@reverbnation.com,Male,226.204.120.94,2021/06/23
212,Shayna,Bogace,sbogace5v@slate.com,Female,116.103.78.215,2022/01/15
213,Marybelle,Renne,mrenne5w@mapy.cz,Bigender,152.36.142.232,2022/01/02
214,Sterling,Brodeau,sbrodeau5x@fotki.com,Male,18.235.18.228,2022/03/03
215,Minta,Erni,merni5y@bloomberg.com,Female,98.181.26.216,2021/11/15
216,Clevey,Siddon,csiddon5z@nytimes.com,Male,188.16.203.26,2021/09/02
217,Valaree,Pandie,vpandie60@businessweek.com,Female,85.109.1.89,2021/10/25
218,Wolf,Nudd,wnudd61@clickbank.net,Genderfluid,249.193.212.46,2022/06/02
219,Lorianne,Crotty,lcrotty62@lycos.com,Female,38.130.171.65,2021/11/16
220,Dreddy,Stebbing,dstebbing63@ucla.edu,Female,244.20.130.243,2022/05/08
221,Devi,Grenville,dgrenville64@netlog.com,Female,38.102.244.128,2021/10/02
222,Fredericka,Archbell,farchbell65@blogger.com,Female,210.110.14.187,2022/01/03
223,Berti,Strowthers,bstrowthers66@indiegogo.com,Female,16.190.158.69,2022/06/21
224,Pietra,Harriss,pharriss67@goodreads.com,Female,44.62.181.214,2021/10/19
225,Fiorenze,MacQuist,fmacquist68@yellowpages.com,Female,20.244.69.155,2022/05/03
226,Konstance,Laity,klaity69@shutterfly.com,Female,126.216.158.242,2022/01/10
227,Pamelina,Maynell,pmaynell6a@dell.com,Female,248.147.93.1,2021/08/24
228,Gavrielle,Bate,gbate6b@last.fm,Female,3.239.45.147,2021/12/08
229,Aubine,Van der Hoeven,avanderhoeven6c@usda.gov,Female,242.95.241.110,2022/06/15
230,Ashby,Searsby,asearsby6d@topsy.com,Male,207.189.254.197,2022/06/25
231,Timmie,Grancher,tgrancher6e@cafepress.com,Male,50.253.247.62,2022/02/13
232,Dick,Kennaird,dkennaird6f@boston.com,Male,109.87.116.188,2022/04/15
233,Rhonda,Lainton,rlainton6g@example.com,Female,196.139.240.98,2022/02/27
234,Algernon,Frangello,afrangello6h@home.pl,Male,142.205.94.63,2021/10/06
235,Missy,Shoemark,mshoemark6i@wp.com,Female,121.88.93.12,2021/12/23
236,Ailsun,Brookbank,abrookbank6j@alibaba.com,Female,144.148.8.118,2021/11/10
237,Arlee,Winks,awinks6k@quantcast.com,Agender,71.142.167.113,2021/12/11
238,Barrett,Matonin,bmatonin6l@cdbaby.com,Male,219.92.44.32,2021/10/10
239,Charmaine,Ferraron,cferraron6m@wufoo.com,Female,37.29.202.82,2022/06/08
240,Anatole,Nevinson,anevinson6n@rediff.com,Male,24.20.39.140,2022/05/12
241,Faythe,Sotheby,fsotheby6o@lycos.com,Female,100.180.63.65,2021/09/15
242,Leeanne,Aspital,laspital6p@amazon.co.jp,Female,26.197.234.205,2022/05/29
243,Prescott,Baldick,pbaldick6q@house.gov,Male,108.1.17.221,2022/05/09
244,Dani,Shatliffe,dshatliffe6r@xinhuanet.com,Male,252.109.209.160,2022/01/13
245,Coretta,Mordanti,cmordanti6s@mozilla.com,Female,47.202.6.48,2022/01/27
246,Gabbie,Cluet,gcluet6t@fastcompany.com,Male,18.46.152.229,2022/05/25
247,Jean,Whitby,jwhitby6u@pinterest.com,Male,136.52.89.103,2021/10/15
248,Courtenay,Moller,cmoller6v@nymag.com,Female,100.186.37.2,2022/01/19
249,Pippo,Sybe,psybe6w@webs.com,Male,186.252.124.38,2021/09/14
250,Josefina,Lofty,jlofty6x@pinterest.com,Female,63.254.173.136,2021/08/25
251,Conchita,Gilling,cgilling6y@marketwatch.com,Female,197.51.25.164,2021/12/18
252,Aurora,Tamplin,atamplin6z@hibu.com,Female,86.72.66.228,2021/09/28
253,Mikkel,Creswell,mcreswell70@list-manage.com,Male,61.213.230.4,2022/01/30
254,Coriss,Hayland,chayland71@about.me,Female,103.62.194.189,2021/06/25
255,Donaugh,Whiting,dwhiting72@qq.com,Male,91.12.26.185,2022/03/16
256,Duncan,Dewfall,ddewfall73@kickstarter.com,Agender,35.153.94.197,2022/01/20
257,Kaine,Dallender,kdallender74@nymag.com,Male,75.233.140.126,2022/04/25
258,Elsi,Brownstein,ebrownstein75@telegraph.co.uk,Female,91.166.95.241,2021/09/06
259,Billye,Careless,bcareless76@edublogs.org,Female,162.228.215.95,2022/04/10
260,Cari,Bynold,cbynold77@geocities.com,Female,85.134.46.133,2021/11/05
261,Hiram,Abells,habells78@reverbnation.com,Male,234.194.166.17,2022/02/10
262,Grenville,Juszkiewicz,gjuszkiewicz79@epa.gov,Male,60.208.14.63,2021/11/03
263,Myron,Joubert,mjoubert7a@acquirethisname.com,Male,226.9.68.116,2021/08/26
264,Nanny,Newark,nnewark7b@diigo.com,Genderqueer,215.70.223.72,2021/07/22
265,Syman,Westberg,swestberg7c@auda.org.au,Male,157.204.129.229,2021/06/21
266,Shirlene,Gilhooly,sgilhooly7d@nps.gov,Female,171.158.27.252,2022/05/17
267,Lindy,Longmaid,llongmaid7e@delicious.com,Male,108.152.122.55,2021/08/02
268,Torie,Prinnett,tprinnett7f@geocities.jp,Female,25.186.0.105,2021/09/18
269,Dahlia,Phetteplace,dphetteplace7g@sitemeter.com,Female,165.87.185.131,2021/08/18
270,Erik,Sowrah,esowrah7h@com.com,Male,153.25.183.249,2022/04/04
271,Marc,Clementson,mclementson7i@behance.net,Male,105.118.225.168,2021/06/21
272,Brent,Broinlich,bbroinlich7j@arstechnica.com,Male,251.97.60.45,2022/06/03
273,Toiboid,Delahunt,tdelahunt7k@bizjournals.com,Male,173.194.126.16,2022/02/16
274,Niki,Prover,nprover7l@blinklist.com,Non-binary,60.228.118.154,2021/11/14
275,Adolpho,Reinert,areinert7m@loc.gov,Male,115.117.145.126,2021/06/14
276,Kienan,Columbine,kcolumbine7n@elpais.com,Male,137.76.130.158,2022/04/03
277,Violet,MacNamara,vmacnamara7o@zdnet.com,Female,35.114.205.89,2022/06/08
278,Beck,Pyzer,bpyzer7p@studiopress.com,Male,20.4.85.48,2022/02/22
279,Franciskus,Leemans,fleemans7q@toplist.cz,Male,64.230.8.255,2022/05/18
280,Joy,Richmond,jrichmond7r@skyrock.com,Female,195.107.101.80,2021/08/29
281,Lottie,Bownd,lbownd7s@twitpic.com,Female,184.206.0.199,2022/06/25
282,Kevin,Laverty,klaverty7t@github.com,Male,1.207.131.114,2022/02/08
283,Donnell,Dyka,ddyka7u@yellowpages.com,Male,40.227.108.162,2021/07/07
284,Romona,Shearmer,rshearmer7v@mozilla.com,Female,175.184.200.165,2022/05/11
285,Cash,O'Ferris,coferris7w@mediafire.com,Male,189.158.236.136,2021/11/19
286,Kariotta,Lye,klye7x@ca.gov,Female,223.105.94.223,2022/01/17
287,Ives,Sauvage,isauvage7y@dailymotion.com,Male,58.92.38.190,2021/07/21
288,Madison,Clemenceau,mclemenceau7z@indiegogo.com,Male,118.223.195.204,2022/02/13
289,Aguste,Harmant,aharmant80@xinhuanet.com,Male,232.165.234.140,2021/10/27
290,Clementine,Knibbs,cknibbs81@linkedin.com,Female,213.151.117.171,2022/03/22
291,Augustina,Vispo,avispo82@columbia.edu,Female,54.2.94.189,2021/08/10
292,Elenore,Corten,ecorten83@naver.com,Female,214.149.22.23,2021/11/22
293,Bev,Francino,bfrancino84@apple.com,Male,226.142.169.79,2021/07/31
294,Deane,Wholesworth,dwholesworth85@google.com,Genderfluid,135.127.164.12,2021/08/09
295,Tierney,Candish,tcandish86@skype.com,Female,123.13.27.9,2021/10/19
296,Linda,Smoughton,lsmoughton87@google.com.br,Female,143.74.229.169,2022/04/18
297,Orland,Dreghorn,odreghorn88@nps.gov,Male,116.241.228.77,2022/05/29
298,Cissy,Jaimez,cjaimez89@bbc.co.uk,Female,184.224.168.3,2021/11/25
299,Penny,Addinall,paddinall8a@cmu.edu,Male,10.123.219.232,2022/02/25
300,Cyndi,Umfrey,cumfrey8b@techcrunch.com,Female,33.28.190.64,2022/06/01
301,Elena,Wrassell,ewrassell8c@skype.com,Female,14.243.22.138,2021/07/12
302,Avivah,Marskell,amarskell8d@delicious.com,Female,149.145.150.86,2022/06/24
303,Corbin,Gelling,cgelling8e@umn.edu,Male,70.68.20.240,2022/02/16
304,Gwendolen,Callard,gcallard8f@slashdot.org,Female,16.32.78.24,2021/06/05
305,Haslett,Buglar,hbuglar8g@wufoo.com,Genderqueer,222.224.17.215,2021/08/03
306,Darryl,Castagnone,dcastagnone8h@deliciousdays.com,Female,64.181.193.142,2022/06/04
307,Eugen,Harborow,eharborow8i@yolasite.com,Male,160.62.42.33,2021/07/19
308,Seline,Gollop,sgollop8j@sitemeter.com,Female,152.156.189.0,2022/05/21
309,Bonny,Fireman,bfireman8k@nationalgeographic.com,Female,252.97.77.42,2022/06/15
310,Adler,Nibley,anibley8l@pbs.org,Male,53.2.140.167,2021/12/22
311,Dulcy,Gaskin,dgaskin8m@google.it,Female,219.104.205.172,2022/03/23
312,Jacqueline,Tierney,jtierney8n@usda.gov,Female,193.182.73.238,2021/12/16
313,Reynolds,Fereday,rfereday8o@bing.com,Male,49.18.216.213,2021/08/04
314,Dennison,Biskupski,dbiskupski8p@imageshack.us,Male,197.73.110.8,2022/03/29
315,Mack,Lissett,mlissett8q@1688.com,Male,91.11.86.37,2021/10/01
316,Miof mela,Baldcock,mbaldcock8r@cargocollective.com,Female,215.155.155.81,2021/06/20
317,Ashla,Hiscoe,ahiscoe8s@feedburner.com,Female,215.43.151.228,2022/05/22
318,Kimberly,Kitcher,kkitcher8t@dion.ne.jp,Polygender,64.196.206.50,2021/08/01
319,Benjamen,Reveley,breveley8u@geocities.jp,Male,12.40.24.51,2021/09/28
320,Thayne,Poser,tposer8v@sfgate.com,Male,107.156.209.170,2021/07/26
321,Adriano,Bindin,abindin8w@vimeo.com,Male,113.162.170.121,2021/11/18
322,Buddie,Seviour,bseviour8x@washingtonpost.com,Male,226.253.95.117,2021/08/22
323,Karoly,Gratrex,kgratrex8y@indiatimes.com,Male,233.221.213.176,2021/06/24
324,Tonye,Lowton,tlowton8z@linkedin.com,Female,99.127.70.19,2021/10/03
325,Lolly,Fifield,lfifield90@sina.com.cn,Female,162.93.110.111,2021/12/18
326,Dorie,Fairholme,dfairholme91@unblog.fr,Male,130.55.135.240,2021/11/12
327,Auberta,Gettens,agettens92@globo.com,Female,176.165.127.50,2021/07/25
328,Roddie,Cranshaw,rcranshaw93@apache.org,Male,203.159.92.216,2021/08/27
329,Arthur,Hrycek,ahrycek94@npr.org,Male,98.30.225.103,2022/03/16
330,Cherilyn,Di Carli,cdicarli95@moonfruit.com,Female,54.216.182.45,2022/06/08
331,Dare,Harrismith,dharrismith96@liveinternet.ru,Non-binary,0.191.118.85,2021/12/18
332,Meredithe,Rorke,mrorke97@cnn.com,Female,79.66.225.26,2021/11/21
333,Sawyere,Jillins,sjillins98@indiatimes.com,Male,251.35.225.86,2021/06/18
334,Rogerio,Brookshaw,rbrookshaw99@ca.gov,Male,79.140.158.221,2021/09/04
335,Evelin,Stuchberry,estuchberry9a@eepurl.com,Male,162.178.52.235,2021/06/05
336,Grace,Dudney,gdudney9b@admin.ch,Male,147.0.222.11,2022/03/18
337,Alvin,Sibyllina,asibyllina9c@admin.ch,Male,253.59.40.20,2022/03/28
338,Lanae,Whitton,lwhitton9d@ibm.com,Female,117.78.32.97,2022/03/27
339,Carlo,Trenam,ctrenam9e@instagram.com,Male,43.181.45.177,2021/11/02
340,Merle,Vedeshkin,mvedeshkin9f@cornell.edu,Male,65.96.197.28,2022/01/12
341,Greta,Teers,gteers9g@1688.com,Female,128.39.176.240,2021/06/22
342,Karrie,Nunnerley,knunnerley9h@lycos.com,Female,51.102.132.224,2022/05/06
343,Krishna,Simes,ksimes9i@exblog.jp,Male,127.159.67.188,2021/09/21
344,Luke,Endecott,lendecott9j@google.com.hk,Male,144.90.76.162,2021/06/06
345,Cthrine,Gautrey,cgautrey9k@digg.com,Female,216.68.227.195,2022/03/04
346,Ulric,Poole,upoole9l@businesswire.com,Male,229.151.255.4,2022/05/17
347,Jeth,Eyrl,jeyrl9m@economist.com,Male,34.8.172.97,2021/11/30
348,Dorie,Chapelhow,dchapelhow9n@php.net,Genderfluid,76.77.124.178,2021/09/09
349,Friedrick,Virgin,fvirgin9o@google.com,Male,1.114.2.103,2021/10/13
350,Missy,Pellant,mpellant9p@toplist.cz,Female,84.209.64.0,2021/11/21
351,Isabelita,Smye,ismye9q@smugmug.com,Female,202.196.139.96,2022/02/01
352,Ivory,Marwood,imarwood9r@sphinn.com,Female,152.101.115.172,2022/04/01
353,Patrizio,Melladew,pmelladew9s@hubpages.com,Male,250.242.81.138,2022/05/21
354,Elke,O'Collopy,eocollopy9t@cnn.com,Female,239.29.238.127,2021/12/15
355,Donal,Cariss,dcariss9u@cnn.com,Male,198.17.92.251,2021/09/14
356,Corey,Vint,cvint9v@bbb.org,Female,26.15.79.253,2021/06/15
357,Jarrett,Nanetti,jnanetti9w@usgs.gov,Male,119.37.129.254,2022/01/07
358,Dorie,Wais,dwais9x@guardian.co.uk,Female,107.137.192.58,2021/12/25
359,Victoir,Stell,vstell9y@harvard.edu,Male,161.146.171.249,2021/10/10
360,Cami,Carryer,ccarryer9z@msu.edu,Female,138.194.189.247,2021/10/14
361,Tadd,Mix,tmixa0@pagesperso-orange.fr,Male,168.57.87.0,2021/09/01
362,Jodie,Baroux,jbarouxa1@ning.com,Female,212.55.189.208,2021/06/21
363,Rafa,Hamal,rhamala2@dmoz.org,Agender,252.108.123.160,2022/06/10
364,Carree,Meredith,cmereditha3@clickbank.net,Female,247.203.243.238,2022/05/25
365,Dag,Blasing,dblasinga4@twitpic.com,Male,117.211.33.46,2022/03/03
366,Xerxes,Pipping,xpippinga5@usatoday.com,Male,93.27.224.127,2022/02/20
367,Otto,Pearde,opeardea6@last.fm,Male,164.119.193.193,2021/08/26
368,Madella,Stud,mstuda7@sphinn.com,Female,54.158.24.71,2021/09/14
369,Karylin,Tucsell,ktucsella8@springer.com,Female,139.224.235.153,2021/07/12
370,Ailee,Capon,acapona9@hostgator.com,Female,72.223.42.201,2021/08/24
371,Ladonna,Howgego,lhowgegoaa@upenn.edu,Female,66.204.112.201,2021/06/23
372,Hermy,Crust,hcrustab@hp.com,Male,6.56.144.225,2022/02/27
373,Dion,Viccary,dviccaryac@unc.edu,Female,156.213.246.155,2021/08/06
374,Philippe,Godney,pgodneyad@wordpress.org,Female,233.117.195.182,2022/02/16
375,Johna,Bastone,jbastoneae@gnu.org,Female,231.216.64.19,2022/05/14
376,Debi,Brawn,dbrawnaf@guardian.co.uk,Female,66.233.33.202,2021/09/27
377,Jacquette,Rockall,jrockallag@myspace.com,Female,141.113.22.126,2021/11/26
378,Arvy,Matejka,amatejkaah@hibu.com,Non-binary,169.30.98.72,2021/08/06
379,Malvina,Giacoboni,mgiacoboniai@microsoft.com,Female,235.119.144.220,2021/08/15
380,Adolphus,Duckham,aduckhamaj@yolasite.com,Male,143.231.189.247,2022/05/19
381,Patrizius,Gymlett,pgymlettak@so-net.ne.jp,Male,38.201.94.41,2022/02/22
382,Cristie,Cornew,ccornewal@godaddy.com,Female,142.45.206.197,2021/12/16
383,Flemming,Bound,fboundam@irs.gov,Non-binary,198.35.130.235,2021/07/19
384,Delmor,Foakes,dfoakesan@gravatar.com,Genderfluid,231.254.46.28,2022/05/17
385,Magda,Kinsella,mkinsellaao@ftc.gov,Female,102.249.108.158,2021/08/08
386,Ilsa,Rohloff,irohloffap@irs.gov,Female,48.110.79.100,2021/06/20
387,Chandler,Lougheed,clougheedaq@wiley.com,Male,45.222.63.174,2022/01/12
388,Symon,McUre,smcurear@indiatimes.com,Male,131.170.216.226,2022/04/25
389,Drugi,Dibb,ddibbas@example.com,Male,45.217.252.134,2022/04/21
390,Minda,McElane,mmcelaneat@friendfeed.com,Female,141.236.180.102,2021/07/28
391,Giselbert,Evered,geveredau@liveinternet.ru,Male,169.25.58.106,2021/06/15
392,Tadeo,Carwithim,tcarwithimav@opera.com,Male,255.233.80.171,2021/11/04
393,Ram,Costock,rcostockaw@walmart.com,Male,171.139.103.107,2022/03/07
394,Dolley,McCutcheon,dmccutcheonax@webmd.com,Female,149.149.197.233,2022/01/25
395,Reynold,Schoffel,rschoffelay@linkedin.com,Male,27.91.238.73,2021/12/30
396,Alejandrina,Woollam,awoollamaz@huffingtonpost.com,Female,83.187.222.135,2021/09/08
397,Fifi,Waltho,fwalthob0@nytimes.com,Female,126.109.106.123,2021/07/21
398,Townie,Vargas,tvargasb1@clickbank.net,Male,164.27.139.19,2022/04/13
399,Sandor,Todhunter,stodhunterb2@webnode.com,Male,96.17.56.220,2021/08/09
400,Jemmie,Tettley,jtettleyb3@about.me,Female,110.121.244.143,2022/03/04
401,Park,Symers,psymersb4@pen.io,Male,99.109.88.157,2022/05/24
402,Jeremie,Gruszczak,jgruszczakb5@icio.us,Male,55.14.3.90,2021/06/10
403,Murdock,Nutty,mnuttyb6@soundcloud.com,Male,210.34.159.158,2022/03/17
404,Bud,Shivell,bshivellb7@tumblr.com,Male,63.70.93.223,2021/07/30
405,Abra,Cleator,acleatorb8@narod.ru,Female,246.6.109.117,2021/06/29
406,Winny,Leyson,wleysonb9@chronoengine.com,Female,227.27.1.182,2021/06/18
407,Mannie,Skelington,mskelingtonba@ftc.gov,Male,44.185.133.128,2022/06/23
408,Consolata,Wannell,cwannellbb@mediafire.com,Genderfluid,209.27.227.86,2021/06/11
409,Danella,Sealeaf,dsealeafbc@vimeo.com,Female,11.118.91.43,2022/03/22
410,Melina,Acedo,macedobd@netvibes.com,Female,213.83.9.189,2021/07/18
411,Wallie,Burnand,wburnandbe@networkadvertising.org,Female,90.77.2.5,2022/03/31
412,Selina,Davids,sdavidsbf@census.gov,Female,210.204.241.71,2021/11/23
413,Spense,Boycott,sboycottbg@cdbaby.com,Male,147.184.30.42,2021/12/18
414,Laureen,Vipan,lvipanbh@chicagotribune.com,Female,38.218.165.207,2021/08/18
415,Loren,Farre,lfarrebi@about.com,Male,105.73.129.25,2022/03/04
416,Pippa,Deppen,pdeppenbj@diigo.com,Female,141.161.190.228,2022/06/08
417,Farr,Bayston,fbaystonbk@gov.uk,Male,206.148.188.255,2022/06/26
418,Hale,Gile,hgilebl@fc2.com,Male,82.225.210.49,2021/07/09
419,Hadrian,Beenham,hbeenhambm@taobao.com,Male,76.53.182.216,2022/06/16
420,Kat,Blowing,kblowingbn@jimdo.com,Female,115.30.240.140,2021/07/12
421,Thekla,Mogenot,tmogenotbo@mail.ru,Female,138.45.207.167,2021/08/23
422,Kali,Kornas,kkornasbp@constantcontact.com,Female,181.198.189.112,2021/06/22
423,Anastasia,Ninnoli,aninnolibq@com.com,Non-binary,6.194.138.207,2022/06/24
424,Hal,Jubert,hjubertbr@pbs.org,Male,166.144.50.71,2021/10/12
425,Chaim,Giampietro,cgiampietrobs@zdnet.com,Male,252.25.247.1,2022/04/18
426,Lorena,Hinkens,lhinkensbt@people.com.cn,Female,5.211.239.27,2021/07/02
427,Ranique,Higgan,rhigganbu@wiley.com,Female,214.191.238.61,2022/02/17
428,Marina,Walbridge,mwalbridgebv@last.fm,Genderfluid,119.234.218.93,2021/10/27
429,Zachariah,Killeen,zkilleenbw@illinois.edu,Male,93.62.24.22,2021/07/24
430,Karine,Biagi,kbiagibx@redcross.org,Polygender,66.170.87.148,2022/03/29
431,Niall,Averill,naverillby@hugedomains.com,Male,84.128.160.85,2022/04/29
432,Bernita,Itzakovitz,bitzakovitzbz@dot.gov,Female,116.240.196.201,2021/08/28
433,Xylina,Fellows,xfellowsc0@wikia.com,Female,194.83.41.85,2021/12/19
434,Cord,Tennewell,ctennewellc1@addthis.com,Male,152.243.159.149,2021/12/31
435,Kaycee,Janek,kjanekc2@nhs.uk,Female,75.190.233.33,2022/01/20
436,Juan,Gristhwaite,jgristhwaitec3@freewebs.com,Male,166.28.231.176,2022/04/05
437,Veronique,Beeke,vbeekec4@jalbum.net,Female,18.221.225.57,2021/12/06
438,Norman,Waddams,nwaddamsc5@friendfeed.com,Male,40.187.73.240,2021/06/15
439,Donnie,Britzius,dbritziusc6@bigcartel.com,Female,13.40.227.25,2022/04/25
440,Wyatt,Ballston,wballstonc7@i2i.jp,Male,224.227.208.114,2022/06/24
441,Berti,Edwins,bedwinsc8@meetup.com,Female,135.58.237.142,2022/01/02
442,Ferdinand,Pilcher,fpilcherc9@chron.com,Male,54.230.107.210,2021/11/03
443,Sean,Limrick,slimrickca@state.gov,Male,175.240.6.125,2021/08/17
444,Daryl,Chidley,dchidleycb@trellian.com,Bigender,145.41.199.116,2021/12/27
445,Reeba,Ralestone,rralestonecc@hhs.gov,Female,4.120.151.221,2022/06/06
446,Roberto,McCarrison,rmccarrisoncd@nationalgeographic.com,Male,213.126.244.33,2022/04/29
447,Eddy,Stoll,estollce@businesswire.com,Male,22.100.200.192,2022/04/17
448,Theadora,Avramow,tavramowcf@ow.ly,Female,20.207.197.190,2022/04/28
449,Camella,Corringham,ccorringhamcg@opensource.org,Female,151.182.66.56,2021/10/27
450,Delaney,Edelmann,dedelmannch@hexun.com,Male,131.27.219.187,2021/06/30
451,Carmencita,Whewill,cwhewillci@nbcnews.com,Agender,203.116.118.167,2022/02/25
452,Marigold,Pury,mpurycj@admin.ch,Female,186.34.31.228,2021/11/05
453,Charyl,Piccop,cpiccopck@newsvine.com,Female,99.151.220.105,2022/02/02
454,Marina,Van der Velde,mvanderveldecl@google.com.au,Non-binary,205.160.221.209,2021/06/04
455,Currey,Ligertwood,cligertwoodcm@wisc.edu,Male,31.244.209.142,2022/05/17
456,Pyotr,Blumfield,pblumfieldcn@reference.com,Male,127.83.38.77,2022/05/15
457,Udall,Burgon,uburgonco@domainmarket.com,Male,143.93.189.131,2022/06/01
458,Aggy,Koles,akolescp@skyrock.com,Female,154.102.27.154,2022/05/02
459,Jeanna,Syce,jsycecq@globo.com,Female,23.242.108.113,2022/04/16
460,Sibel,Pluvier,spluviercr@princeton.edu,Female,93.39.132.50,2021/06/10
461,Orson,Hould,ohouldcs@phoca.cz,Male,93.111.82.153,2021/06/07
462,Rafa,Wolland,rwollandct@npr.org,Female,21.5.228.153,2022/05/14
463,Cleve,Anker,cankercu@xinhuanet.com,Male,92.184.0.240,2022/01/18
464,Christiano,Crennell,ccrennellcv@npr.org,Male,191.34.188.233,2021/11/22
465,Allene,De Cruce,adecrucecw@nhs.uk,Female,212.66.83.65,2021/07/12
466,Dolli,Fould,dfouldcx@ezinearticles.com,Female,77.32.182.29,2021/09/28
467,Derk,Haspineall,dhaspineallcy@usnews.com,Male,43.4.105.81,2022/06/11
468,Morna,Turfitt,mturfittcz@nps.gov,Female,64.232.181.155,2022/04/28
469,Frans,Curling,fcurlingd0@godaddy.com,Male,183.140.251.11,2022/01/25
470,Mano,Boswood,mboswoodd1@prnewswire.com,Male,234.242.219.19,2021/11/20
471,Odilia,Cummins,ocumminsd2@squidoo.com,Female,152.107.115.92,2021/10/22
472,Darcy,Grayshan,dgrayshand3@cbc.ca,Male,191.77.50.219,2021/11/02
473,Sherye,Pearl,spearld4@naver.com,Female,15.122.100.220,2021/12/26
474,Reamonn,Staniford,rstanifordd5@washingtonpost.com,Male,95.156.164.197,2021/10/05
475,Laird,Lawrenz,llawrenzd6@amazon.com,Male,170.103.152.101,2021/12/12
476,Darb,McCorkindale,dmccorkindaled7@usa.gov,Female,34.48.63.164,2021/07/07
477,Miguel,Call,mcalld8@shutterfly.com,Male,80.109.252.234,2022/04/21
478,Igor,Barten,ibartend9@gov.uk,Male,100.45.147.94,2022/03/23
479,Ursula,Rayner,uraynerda@eventbrite.com,Female,51.249.198.65,2021/07/09
480,Moises,Slevin,mslevindb@chronoengine.com,Male,102.227.212.82,2021/10/22
481,Jody,Bareford,jbareforddc@123-reg.co.uk,Female,26.90.181.82,2022/03/25
482,Iain,Donne,idonnedd@ucoz.com,Bigender,100.2.76.60,2022/03/22
483,Angelia,Twigge,atwiggede@pen.io,Female,176.129.12.198,2021/09/19
484,Davey,Baff,dbaffdf@cdbaby.com,Male,89.69.4.194,2022/06/29
485,Ruby,Willmetts,rwillmettsdg@nasa.gov,Male,190.159.174.56,2022/03/07
486,Lari,Giovannilli,lgiovannillidh@stumbleupon.com,Female,90.11.142.67,2022/01/04
487,Shelton,Pridie,spridiedi@over-blog.com,Male,75.144.56.21,2021/11/09
488,Lainey,Sibbit,lsibbitdj@cdbaby.com,Female,58.21.159.12,2021/10/22
489,Marnia,Liccardo,mliccardodk@newyorker.com,Female,130.16.13.2,2021/07/06
490,Ryun,Warters,rwartersdl@naver.com,Male,213.123.124.4,2021/08/17
491,Karlene,Brunger,kbrungerdm@photobucket.com,Female,27.97.222.177,2021/07/27
492,Fawne,Rigeby,frigebydn@jigsy.com,Agender,162.103.57.134,2021/07/03
493,Kaine,Duffer,kdufferdo@zdnet.com,Male,106.203.252.244,2022/02/26
494,Brandy,Gaskarth,bgaskarthdp@fda.gov,Male,110.26.35.115,2022/04/17
495,Rab,Bengtson,rbengtsondq@ask.com,Male,69.167.143.52,2022/03/09
496,Merrick,Sisneros,msisnerosdr@bbb.org,Male,157.207.58.119,2021/09/14
497,Raquela,Bruckner,rbrucknerds@narod.ru,Female,40.217.67.22,2021/11/30
498,Derry,Balchen,dbalchendt@independent.co.uk,Male,228.210.15.134,2021/06/09
499,Vonnie,Pavelin,vpavelindu@who.int,Female,249.198.133.173,2021/08/23
500,Vincent,McRoberts,vmcrobertsdv@mail.ru,Male,64.124.111.224,2021/07/12
501,Hamid,Monroe,hmonroedw@nifty.com,Male,252.97.253.88,2021/09/24
502,Stirling,Bullier,sbullierdx@canalblog.com,Male,24.134.163.21,2022/03/09
503,Brendan,Fessby,bfessbydy@cmu.edu,Male,87.173.94.195,2021/07/02
504,Bell,Pennazzi,bpennazzidz@whitehouse.gov,Female,214.112.84.92,2021/09/22
505,Maurise,Guiton,mguitone0@woothemes.com,Male,16.238.46.213,2021/11/25
506,Donnell,Greenstreet,dgreenstreete1@baidu.com,Genderfluid,15.246.141.114,2021/08/06
507,Odelia,Graham,ograhame2@mac.com,Female,97.142.31.222,2022/06/03
508,Em,Elcox,eelcoxe3@soup.io,Male,11.177.211.73,2022/04/22
509,Thain,Yerrington,tyerringtone4@themeforest.net,Male,85.231.249.200,2022/04/27
510,Loretta,Myrick,lmyricke5@ifeng.com,Female,166.222.225.93,2021/06/28
511,Udale,Olliar,uolliare6@reddit.com,Genderqueer,12.146.186.110,2021/08/23
512,Phyllis,Shard,psharde7@wisc.edu,Female,74.4.174.252,2021/08/11
513,Bing,Pickworth,bpickworthe8@trellian.com,Male,66.168.33.95,2021/12/06
514,Wallas,Wandtke,wwandtkee9@disqus.com,Male,224.30.83.166,2021/06/19
515,Alon,Figliovanni,afigliovanniea@discovery.com,Male,233.182.51.244,2022/03/18
516,Paulo,Melbourn,pmelbourneb@yolasite.com,Male,238.238.160.68,2022/05/09
517,Hugh,Krysztofiak,hkrysztofiakec@odnoklassniki.ru,Male,171.26.224.90,2021/09/08
518,Orelee,Esh,oeshed@hhs.gov,Female,183.229.246.61,2022/05/21
519,Kippy,Sides,ksidesee@so-net.ne.jp,Male,65.152.91.119,2021/11/16
520,Lin,Bischof,lbischofef@mac.com,Female,164.31.93.232,2022/06/13
521,Aimil,Fryman,afrymaneg@icq.com,Female,215.45.48.230,2022/02/27
522,Elsworth,Bonafant,ebonafanteh@alexa.com,Male,92.74.126.226,2021/06/26
523,Spense,Reily,sreilyei@lycos.com,Male,29.187.23.20,2021/07/19
524,Guy,Eatherton,geathertonej@newyorker.com,Male,175.22.113.160,2021/08/25
525,Shandeigh,Gray,sgrayek@mashable.com,Non-binary,154.68.210.12,2022/03/20
526,Gail,Barz,gbarzel@deviantart.com,Male,130.79.222.16,2022/04/15
527,Paul,Gallichan,pgallichanem@quantcast.com,Male,7.77.158.59,2021/12/18
528,Crosby,Titman,ctitmanen@infoseek.co.jp,Male,249.37.116.112,2021/06/23
529,Mitchel,Spatarul,mspataruleo@pinterest.com,Male,255.57.109.195,2022/01/31
530,Marrilee,Vorley,mvorleyep@networksolutions.com,Female,239.189.26.67,2022/06/14
531,Vince,Shortland,vshortlandeq@lulu.com,Male,241.190.128.69,2021/08/02
532,Ravid,Farnham,rfarnhamer@examiner.com,Male,29.199.183.97,2021/10/28
533,Albertine,Shone,ashonees@stumbleupon.com,Female,206.19.34.17,2022/06/05
534,Dolley,Saxby,dsaxbyet@cnbc.com,Female,66.68.70.160,2021/09/07
535,Bradan,Kornacki,bkornackieu@elpais.com,Male,170.47.177.210,2021/11/23
536,Miguelita,Conradsen,mconradsenev@bing.com,Female,36.145.95.58,2021/09/25
537,Tammie,Gittings,tgittingsew@unblog.fr,Male,224.28.215.142,2022/06/11
538,Madelaine,Haldene,mhaldeneex@linkedin.com,Female,17.224.237.63,2022/02/08
539,Leif,Tiptaft,ltiptaftey@spiegel.de,Male,116.129.219.170,2021/06/03
540,Alasteir,Furzer,afurzerez@meetup.com,Male,251.206.167.56,2022/05/08
541,Flemming,Gridley,fgridleyf0@reverbnation.com,Male,48.121.144.171,2021/09/25
542,Wald,Linthead,wlintheadf1@arizona.edu,Male,98.109.121.216,2021/09/15
543,Dodi,Feldberg,dfeldbergf2@yellowpages.com,Female,138.202.153.167,2021/11/05
544,Ruddy,MacKeeg,rmackeegf3@slate.com,Male,111.61.67.185,2021/08/19
545,Estrellita,Denson,edensonf4@dailymail.co.uk,Female,255.125.60.5,2022/04/27
546,Lay,Bennallck,lbennallckf5@hatena.ne.jp,Male,167.165.49.12,2021/10/12
547,Glenine,Smallthwaite,gsmallthwaitef6@pcworld.com,Female,106.107.237.76,2022/03/25
548,Goldina,Foynes,gfoynesf7@zdnet.com,Female,45.62.231.58,2022/01/23
549,Ethelbert,Brozsset,ebrozssetf8@cocolog-nifty.com,Male,150.234.141.123,2022/04/28
550,Carmel,Tooke,ctookef9@stumbleupon.com,Female,212.168.38.183,2021/12/21
551,Adah,Pierro,apierrofa@census.gov,Female,197.68.136.214,2021/08/17
552,Aindrea,Perse,apersefb@wufoo.com,Female,120.124.129.197,2022/02/11
553,Bebe,Newhouse,bnewhousefc@blogs.com,Female,143.92.32.183,2021/08/11
554,Berty,Gundrey,bgundreyfd@go.com,Genderfluid,195.253.80.175,2022/03/09
555,Corrinne,Barense,cbarensefe@blogspot.com,Female,152.191.28.90,2021/06/04
556,Archaimbaud,Janman,ajanmanff@fda.gov,Male,60.82.116.72,2022/06/03
557,Ashien,Goundrill,agoundrillfg@biblegateway.com,Female,0.5.236.121,2022/04/12
558,Ambrose,Lombardo,alombardofh@addthis.com,Male,192.125.11.217,2022/03/30
559,Fiona,Jouhandeau,fjouhandeaufi@theatlantic.com,Female,175.167.167.123,2021/07/07
560,Tabitha,Swinerd,tswinerdfj@opensource.org,Female,23.209.223.209,2022/06/15
561,Jackie,Styant,jstyantfk@squidoo.com,Female,212.221.14.59,2022/03/31
562,Bibby,Ogley,bogleyfl@unesco.org,Female,9.150.213.150,2022/06/21
563,Tuckie,Serginson,tserginsonfm@mediafire.com,Male,45.77.16.56,2022/01/03
564,Roldan,Braznell,rbraznellfn@vkontakte.ru,Male,249.130.233.122,2021/11/27
565,Davon,Warsap,dwarsapfo@163.com,Male,216.91.73.93,2022/04/17
566,Isaac,Dimitriades,idimitriadesfp@domainmarket.com,Male,234.220.21.185,2021/07/10
567,Ava,de Mullett,ademullettfq@unesco.org,Female,37.3.240.139,2022/04/30
568,Christen,Jancar,cjancarfr@google.com.au,Female,143.191.255.203,2021/09/16
569,Mackenzie,Ginsie,mginsiefs@mit.edu,Male,65.248.213.235,2021/07/01
570,Lannie,Ostrich,lostrichft@europa.eu,Genderfluid,138.45.83.77,2022/04/26
571,Camille,Conew,cconewfu@redcross.org,Female,49.99.223.20,2022/01/22
572,Zacharias,Fontin,zfontinfv@icq.com,Male,88.102.84.157,2021/06/28
573,Vitia,Roberds,vroberdsfw@businesswire.com,Female,147.229.29.30,2022/02/06
574,Joanna,McCard,jmccardfx@quantcast.com,Female,247.202.167.95,2022/01/05
575,Ced,Sheran,csheranfy@clickbank.net,Male,221.17.175.196,2021/09/27
576,Nikolas,Collecott,ncollecottfz@phpbb.com,Male,50.105.143.54,2022/05/26
577,Crissie,Kasparski,ckasparskig0@furl.net,Female,32.114.205.69,2022/03/09
578,Joice,Raxworthy,jraxworthyg1@answers.com,Female,147.235.208.253,2022/02/27
579,Ham,McLorinan,hmclorinang2@youtube.com,Male,141.162.226.135,2022/06/05
580,Pace,Gookes,pgookesg3@whitehouse.gov,Male,222.111.47.185,2022/02/16
581,Reggie,Chapman,rchapmang4@netscape.com,Male,91.32.142.66,2021/09/20
582,Shalna,Drayson,sdraysong5@netlog.com,Female,18.56.78.210,2021/11/24
583,Tandie,Iacovucci,tiacovuccig6@mayoclinic.com,Female,109.19.172.77,2022/06/09
584,Merrill,Iacovides,miacovidesg7@google.co.jp,Male,114.204.184.115,2022/06/11
585,Stormy,Farley,sfarleyg8@etsy.com,Female,72.38.134.102,2022/01/21
586,Lindy,Underdown,lunderdowng9@smugmug.com,Non-binary,206.244.206.169,2021/11/16
587,Abrahan,Hullock,ahullockga@networkadvertising.org,Male,185.67.221.166,2021/11/13
588,Beatrisa,Arghent,barghentgb@microsoft.com,Female,80.12.66.5,2022/03/29
589,Nial,Lorenzo,nlorenzogc@shareasale.com,Male,240.241.105.115,2021/10/14
590,Harriot,Dikels,hdikelsgd@lycos.com,Female,60.184.109.161,2022/01/28
591,Jo-anne,Leale,jlealege@twitpic.com,Female,9.201.104.23,2021/07/26
592,Rudolf,Hallowes,rhallowesgf@google.nl,Male,108.36.106.125,2022/06/16
593,Pyotr,Culpen,pculpengg@sourceforge.net,Male,51.121.51.26,2021/09/19
594,Leroy,Tomkins,ltomkinsgh@icq.com,Male,86.125.232.45,2022/06/17
595,Ingar,Chamberlin,ichamberlingi@webnode.com,Male,188.11.81.66,2022/05/13
596,Onfre,McDarmid,omcdarmidgj@latimes.com,Male,122.4.118.198,2021/07/01
597,Tamara,Whitney,twhitneygk@arizona.edu,Female,52.110.70.101,2021/11/18
598,Dael,Osband,dosbandgl@businessweek.com,Male,23.254.29.158,2021/08/21
599,Harriott,Dorsett,hdorsettgm@freewebs.com,Female,63.201.219.112,2021/10/16
600,Bartlett,Tanner,btannergn@senate.gov,Male,31.211.182.145,2021/07/29
601,Omero,Bockett,obockettgo@ftc.gov,Male,15.136.43.0,2022/01/07
602,Mateo,Brabon,mbrabongp@jiathis.com,Male,101.223.170.82,2021/08/09
603,Alaric,Farey,afareygq@weather.com,Male,180.71.196.193,2021/08/19
604,Rheba,Nutkins,rnutkinsgr@rediff.com,Female,163.90.82.110,2021/06/25
605,Addison,Fairbank,afairbankgs@symantec.com,Male,121.66.19.210,2021/06/27
606,Marlowe,Buddleigh,mbuddleighgt@cdc.gov,Male,11.254.13.207,2021/10/26
607,Robb,Dami,rdamigu@bandcamp.com,Male,25.214.121.214,2022/04/22
608,Lindsey,O'Hoolahan,lohoolahangv@latimes.com,Male,5.252.152.212,2022/03/14
609,Marcelline,Torel,mtorelgw@addthis.com,Female,234.136.41.57,2021/07/25
610,Therine,Sebire,tsebiregx@nationalgeographic.com,Female,241.141.218.56,2022/02/12
611,Miriam,Kassidy,mkassidygy@tripadvisor.com,Bigender,174.239.3.43,2022/05/30
612,Coraline,Keitley,ckeitleygz@bbb.org,Polygender,150.223.63.40,2022/01/14
613,Shae,Biaggetti,sbiaggettih0@va.gov,Female,38.87.46.159,2021/11/22
614,Abagael,McKean,amckeanh1@earthlink.net,Female,212.43.15.56,2022/05/20
615,Noble,Bailes,nbailesh2@booking.com,Male,91.60.10.55,2021/07/11
616,Alecia,Merrien,amerrienh3@vinaora.com,Female,182.120.54.195,2022/05/06
617,Sigvard,Durtnell,sdurtnellh4@ucsd.edu,Male,64.162.242.20,2021/07/07
618,Hersch,Schroeder,hschroederh5@timesonline.co.uk,Male,180.95.124.223,2021/08/06
619,Odella,Roadnight,oroadnighth6@mapquest.com,Polygender,209.46.158.122,2022/04/21
620,Jeanie,Percifer,jperciferh7@surveymonkey.com,Female,92.250.183.183,2022/02/01
621,Avie,Whines,awhinesh8@patch.com,Female,150.154.189.198,2022/05/19
622,Rhianna,Colclough,rcolcloughh9@reuters.com,Female,52.201.64.150,2022/04/22
623,Cassaundra,Woolacott,cwoolacottha@cmu.edu,Female,205.18.151.65,2022/06/08
624,Lorianna,Lardeur,llardeurhb@1688.com,Female,236.150.133.202,2022/01/01
625,Janeva,Reavey,jreaveyhc@youtube.com,Female,196.4.60.210,2021/09/29
626,Reagen,Ambroisin,rambroisinhd@google.com,Male,193.8.26.102,2021/10/21
627,Karissa,Brendish,kbrendishhe@indiegogo.com,Female,72.233.57.132,2022/01/25
628,Joseph,Roseaman,jroseamanhf@state.gov,Male,182.148.80.8,2022/03/14
629,Kandace,Fotherby,kfotherbyhg@joomla.org,Female,247.96.49.168,2022/04/12
630,Lindon,Domleo,ldomleohh@psu.edu,Male,83.194.103.74,2022/01/14
631,Koenraad,Townsley,ktownsleyhi@pagesperso-orange.fr,Male,50.114.156.182,2021/06/07
632,Otis,Ellingham,oellinghamhj@apple.com,Male,208.161.23.180,2021/11/27
633,Shawna,Matuszak,smatuszakhk@simplemachines.org,Non-binary,34.239.231.23,2022/04/19
634,Giselle,Pyson,gpysonhl@icq.com,Bigender,250.4.98.149,2022/04/28
635,Heath,Mitcham,hmitchamhm@istockphoto.com,Male,33.204.162.168,2022/02/01
636,Alford,Poynzer,apoynzerhn@elpais.com,Male,202.109.149.130,2021/11/15
637,Gale,Allardyce,gallardyceho@topsy.com,Male,48.221.65.197,2021/07/30
638,Kelsi,O'Keevan,kokeevanhp@state.gov,Female,220.171.172.143,2022/01/08
639,Ferdy,Masding,fmasdinghq@indiegogo.com,Male,116.213.204.212,2022/05/31
640,Rubina,Elgar,relgarhr@facebook.com,Female,140.164.140.235,2021/12/08
641,Sonnnie,Sellor,ssellorhs@quantcast.com,Female,98.166.4.19,2021/09/07
642,Neala,Mashal,nmashalht@eventbrite.com,Female,166.21.214.72,2022/04/07
643,Nicoli,Anyon,nanyonhu@delicious.com,Female,108.34.229.101,2021/09/17
644,Godard,Ollivier,gollivierhv@sfgate.com,Genderfluid,222.202.86.67,2021/06/08
645,Constantia,Sherebrook,csherebrookhw@google.nl,Female,176.248.235.48,2021/12/25
646,Silvester,Hedderly,shedderlyhx@trellian.com,Male,102.172.67.230,2022/04/21
647,Fleur,Aishford,faishfordhy@yellowpages.com,Agender,120.41.127.80,2021/08/04
648,Oberon,Waddy,owaddyhz@jugem.jp,Male,40.10.148.115,2022/02/20
649,Bob,Burne,bburnei0@nyu.edu,Male,169.20.6.18,2021/07/30
650,Wilma,Casino,wcasinoi1@uiuc.edu,Female,55.133.85.203,2021/09/21
651,Gladi,Jaime,gjaimei2@google.fr,Female,38.242.239.208,2022/06/13
652,Jdavie,Brumwell,jbrumwelli3@edublogs.org,Male,45.130.53.30,2022/02/05
653,Jeanne,Beckerleg,jbeckerlegi4@pcworld.com,Female,205.81.31.103,2022/02/20
654,Moishe,Feldstein,mfeldsteini5@economist.com,Male,109.45.129.3,2022/06/20
655,Even,Rasper,erasperi6@oracle.com,Male,176.156.231.16,2021/12/07
656,Amandie,Dimitrov,adimitrovi7@bbc.co.uk,Female,250.68.20.68,2021/08/10
657,Carola,Falconbridge,cfalconbridgei8@paginegialle.it,Female,54.169.228.43,2022/03/23
658,Jasen,Gainsford,jgainsfordi9@uiuc.edu,Male,120.76.38.209,2022/03/23
659,Marco,Duffill,mduffillia@google.com.au,Male,188.12.7.129,2021/08/30
660,Cathrin,Maestro,cmaestroib@wufoo.com,Female,160.239.6.88,2021/08/21
661,Godfry,Wittey,gwitteyic@wunderground.com,Male,173.0.255.66,2021/11/06
662,Charmaine,Starbeck,cstarbeckid@technorati.com,Female,244.4.205.105,2021/11/02
663,Leonelle,Clowney,lclowneyie@squidoo.com,Female,173.102.143.43,2021/06/12
664,Freeman,McKain,fmckainif@earthlink.net,Male,162.166.148.194,2021/12/30
665,Lorry,Winchcum,lwinchcumig@jimdo.com,Male,97.166.10.120,2021/12/13
666,Craggie,Hayzer,chayzerih@bandcamp.com,Male,78.55.30.142,2021/09/26
667,Cynthy,Wincom,cwincomii@cargocollective.com,Female,189.182.131.25,2021/10/08
668,Anica,Muncer,amuncerij@github.com,Female,162.189.182.13,2021/06/23
669,Fulvia,Challis,fchallisik@slate.com,Female,255.3.221.150,2022/05/30
670,Amara,Brawson,abrawsonil@typepad.com,Female,144.106.7.235,2021/12/18
671,Giacinta,Danovich,gdanovichim@google.fr,Female,246.228.127.87,2022/01/10
672,Deena,Darmody,ddarmodyin@list-manage.com,Female,160.253.156.165,2022/04/25
673,Kennan,Pevreal,kpevrealio@mayoclinic.com,Male,98.237.0.91,2021/12/02
674,Raynor,Flatman,rflatmanip@npr.org,Male,72.150.172.115,2021/06/28
675,Bernadine,Dando,bdandoiq@slate.com,Female,117.95.131.99,2022/04/24
676,Harv,Greir,hgreirir@ehow.com,Male,12.236.200.151,2022/05/14
677,Prudence,Fenning,pfenningis@state.gov,Female,173.96.204.231,2022/01/17
678,Ammamaria,Perone,aperoneit@liveinternet.ru,Female,242.146.58.172,2021/09/23
679,Sebastien,Welland,swellandiu@gnu.org,Male,130.154.243.59,2021/06/26
680,Terrell,McClelland,tmcclellandiv@prweb.com,Male,28.136.237.17,2022/03/11
681,Wye,Gabbidon,wgabbidoniw@networksolutions.com,Male,42.165.163.185,2021/12/15
682,Ann-marie,Taunton,atauntonix@nifty.com,Female,167.162.184.175,2022/01/11
683,Cheri,Benini,cbeniniiy@nymag.com,Female,127.2.131.2,2021/07/22
684,Nolan,Newlands,nnewlandsiz@netscape.com,Male,30.78.110.216,2022/02/10
685,Remy,Wardrop,rwardropj0@tripod.com,Female,104.83.87.189,2021/07/19
686,Kale,Esp,kespj1@mapy.cz,Male,32.68.244.67,2022/04/28
687,Jackie,Pignon,jpignonj2@toplist.cz,Female,164.204.66.173,2021/07/20
688,Roderich,Schumacher,rschumacherj3@pbs.org,Genderqueer,255.164.134.122,2021/07/29
689,Agretha,Postlethwaite,apostlethwaitej4@psu.edu,Female,152.210.188.199,2021/09/13
690,Virgilio,Berlin,vberlinj5@ucla.edu,Male,248.99.131.92,2021/08/12
691,Sophey,Sayburn,ssayburnj6@furl.net,Female,125.212.177.8,2022/06/24
692,Helenka,Prinnett,hprinnettj7@blinklist.com,Female,135.248.33.27,2021/07/09
693,Lyell,Zavattero,lzavatteroj8@tumblr.com,Male,197.193.140.226,2021/12/26
694,Nickie,Tabbernor,ntabbernorj9@google.co.uk,Male,96.204.21.160,2022/06/02
695,Lilas,Overbury,loverburyja@creativecommons.org,Female,149.22.13.137,2021/11/14
696,Giustino,Sneaker,gsneakerjb@shop-pro.jp,Male,196.148.255.180,2021/12/18
697,Job,Lau,jlaujc@arstechnica.com,Male,38.221.105.192,2022/02/12
698,Hector,Chisholm,hchisholmjd@mozilla.org,Male,29.68.141.80,2021/08/05
699,Natale,Armand,narmandje@networksolutions.com,Male,206.6.199.121,2022/03/17
700,Bernette,Tomaszewicz,btomaszewiczjf@narod.ru,Female,197.43.162.195,2022/05/18
701,Nolan,Du Plantier,nduplantierjg@spotify.com,Male,163.110.141.135,2021/07/16
702,Benita,Baccup,bbaccupjh@cornell.edu,Female,54.108.236.12,2022/02/02
703,Brita,Straine,bstraineji@youku.com,Female,174.112.135.53,2021/08/01
704,Aldus,Czadla,aczadlajj@wikispaces.com,Male,119.49.41.217,2021/10/13
705,Margaretha,Hutley,mhutleyjk@mtv.com,Female,139.217.176.54,2021/12/06
706,Avie,Cristobal,acristobaljl@mozilla.org,Female,50.48.56.224,2021/07/10
707,Joann,Iban,jibanjm@photobucket.com,Female,216.222.254.39,2021/09/20
708,Forrester,Collington,fcollingtonjn@parallels.com,Male,76.142.228.68,2022/04/21
709,Amby,Sibbit,asibbitjo@imgur.com,Male,56.176.204.102,2021/12/26
710,Diann,Oxer,doxerjp@google.com,Female,78.221.170.239,2021/08/04
711,Elvis,Kuhnel,ekuhneljq@yahoo.co.jp,Agender,171.216.237.21,2021/12/07
712,Forest,Barenskie,fbarenskiejr@vinaora.com,Male,115.34.151.190,2022/03/25
713,Rakel,Breyt,rbreytjs@baidu.com,Female,13.5.73.236,2022/03/17
714,Horatio,Carwithim,hcarwithimjt@state.tx.us,Male,236.129.93.142,2021/08/23
715,Hallie,Madders,hmaddersju@yelp.com,Female,229.218.81.23,2021/07/02
716,Janeva,Vossgen,jvossgenjv@yolasite.com,Female,31.96.34.234,2022/01/14
717,Gearalt,Sparshutt,gsparshuttjw@privacy.gov.au,Male,186.161.174.83,2021/07/14
718,Blondell,Amies,bamiesjx@samsung.com,Female,17.6.198.90,2021/08/13
719,Mata,Urien,murienjy@hc360.com,Male,22.104.69.240,2022/04/16
720,Colas,Johananoff,cjohananoffjz@engadget.com,Agender,72.23.15.102,2022/04/08
721,Chet,Fewster,cfewsterk0@technorati.com,Male,155.194.208.233,2021/10/03
722,Jory,McVity,jmcvityk1@oakley.com,Male,163.52.20.45,2022/01/09
723,Ezekiel,Van den Hof,evandenhofk2@goodreads.com,Male,229.163.163.158,2021/09/08
724,Karoly,Farenden,kfarendenk3@blogger.com,Male,1.29.219.138,2021/06/01
725,Reena,Queyos,rqueyosk4@cnn.com,Non-binary,37.79.132.181,2022/03/23
726,Arte,Ondrusek,aondrusekk5@goo.gl,Male,254.48.13.95,2021/11/25
727,Moise,Gronauer,mgronauerk6@ocn.ne.jp,Male,45.143.74.212,2022/02/17
728,Hillary,Checcuzzi,hcheccuzzik7@arizona.edu,Female,187.144.98.110,2021/12/16
729,Lotta,McMullen,lmcmullenk8@smugmug.com,Female,65.220.14.77,2021/10/20
730,Elke,Harteley,eharteleyk9@hexun.com,Female,129.148.213.31,2021/10/19
731,Tedman,McKeaveney,tmckeaveneyka@zdnet.com,Male,236.192.221.23,2022/01/22
732,Theodosia,Drennan,tdrennankb@scribd.com,Female,104.47.166.115,2022/01/18
733,Oona,Jumonet,ojumonetkc@ebay.co.uk,Female,226.129.68.26,2022/06/21
734,Salem,Eydel,seydelkd@w3.org,Male,204.10.211.180,2022/04/09
735,Robinett,Bussy,rbussyke@wix.com,Agender,222.47.120.58,2021/06/30
736,Constantia,Veronique,cveroniquekf@reuters.com,Female,187.166.112.232,2021/09/20
737,Toiboid,Segar,tsegarkg@blogs.com,Male,162.73.182.84,2022/01/11
738,Griffith,Kolczynski,gkolczynskikh@xrea.com,Male,249.125.149.54,2021/12/05
739,Anton,Prozescky,aprozesckyki@marriott.com,Male,16.18.243.216,2022/03/18
740,Olav,Ilyinski,oilyinskikj@un.org,Male,59.96.115.184,2021/07/13
741,Eran,Fairburne,efairburnekk@deviantart.com,Genderqueer,205.118.159.112,2021/11/06
742,Sonny,Euesden,seuesdenkl@about.me,Female,204.213.35.109,2021/08/09
743,Mel,Matoshin,mmatoshinkm@usda.gov,Female,79.153.242.246,2021/10/28
744,Crissy,Marqyes,cmarqyeskn@bbb.org,Female,51.172.182.167,2021/09/25
745,Stevana,Helks,shelksko@walmart.com,Female,71.178.198.120,2021/12/17
746,Emlyn,Longrigg,elongriggkp@icq.com,Female,179.134.51.139,2021/06/30
747,Alain,Barkhouse,abarkhousekq@seesaa.net,Male,218.71.222.208,2022/02/01
748,Jenine,Beddoe,jbeddoekr@creativecommons.org,Female,252.96.195.58,2022/06/22
749,Bevan,Quiddinton,bquiddintonks@mapy.cz,Male,66.120.80.165,2021/09/17
750,Marys,Klugel,mklugelkt@clickbank.net,Female,13.178.23.246,2021/07/22
751,Florance,Rubinowitch,frubinowitchku@pagesperso-orange.fr,Female,64.163.154.77,2021/09/27
752,Weber,Landes,wlandeskv@google.com.hk,Male,112.18.254.116,2022/06/22
753,Prisca,Braganca,pbragancakw@hatena.ne.jp,Female,7.212.74.162,2022/03/27
754,Daveta,Caville,dcavillekx@nbcnews.com,Female,107.46.205.250,2021/11/21
755,Gerladina,Varley,gvarleyky@yahoo.com,Female,12.32.46.156,2022/02/17
756,Bartram,Muck,bmuckkz@theatlantic.com,Male,14.255.1.220,2022/06/23
757,Bendick,Seiler,bseilerl0@yelp.com,Male,12.59.24.77,2022/04/26
758,Cheri,Dumphry,cdumphryl1@nymag.com,Female,142.253.125.101,2021/11/12
759,Kristofer,Graves,kgravesl2@narod.ru,Male,174.92.83.32,2022/03/21
760,Cairistiona,Maps,cmapsl3@behance.net,Female,208.118.156.66,2021/11/09
761,Callida,Verling,cverlingl4@ftc.gov,Female,182.17.175.14,2021/12/25
762,Harwilll,Soffe,hsoffel5@linkedin.com,Male,156.194.193.29,2021/08/01
763,Dukie,Mizen,dmizenl6@bloglines.com,Male,141.220.232.51,2022/02/28
764,Lance,Dukesbury,ldukesburyl7@census.gov,Male,103.27.139.179,2021/10/19
765,Luz,Dick,ldickl8@biglobe.ne.jp,Female,82.163.171.172,2022/06/01
766,Gratiana,Ettles,gettlesl9@reference.com,Female,86.17.234.73,2022/01/30
767,Lettie,Letterese,lletteresela@cnet.com,Female,188.213.77.63,2021/10/03
768,Ursa,McVey,umcveylb@twitpic.com,Female,128.49.103.87,2021/11/14
769,Mirilla,Gormally,mgormallylc@freewebs.com,Female,66.183.102.46,2021/10/17
770,Grady,Reicherz,greicherzld@t.co,Male,200.254.212.184,2021/06/13
771,Pierre,Paynton,ppayntonle@bing.com,Male,191.98.246.61,2021/07/08
772,Johnathon,Cicconetti,jcicconettilf@google.co.jp,Male,167.17.166.185,2021/10/25
773,Verne,Wearne,vwearnelg@theguardian.com,Male,157.148.18.228,2021/10/01
774,Merwyn,Cloughton,mcloughtonlh@123-reg.co.uk,Male,56.31.129.72,2021/12/12
775,Merrili,Snaden,msnadenli@clickbank.net,Female,63.151.193.59,2021/06/14
776,Florenza,Pembridge,fpembridgelj@networksolutions.com,Female,159.64.123.45,2022/04/28
777,Thibaut,Fideler,tfidelerlk@nba.com,Male,4.248.177.34,2021/06/16
778,Serge,Lembcke,slembckell@cargocollective.com,Male,172.251.147.223,2022/03/28
779,Reuven,Postle,rpostlelm@amazonaws.com,Male,10.99.137.166,2021/08/17
780,Alf,Roxburch,aroxburchln@imgur.com,Male,253.83.141.11,2021/06/08
781,Austen,Deere,adeerelo@irs.gov,Male,26.25.59.210,2022/01/29
782,Mallory,Plaid,mplaidlp@microsoft.com,Male,124.172.171.198,2022/05/08
783,Trey,Agutter,tagutterlq@cnet.com,Male,4.110.91.231,2021/07/04
784,Agneta,Fiander,afianderlr@liveinternet.ru,Non-binary,4.141.38.72,2022/04/17
785,Gusella,Wakeham,gwakehamls@nasa.gov,Female,112.65.77.140,2021/08/04
786,Fletcher,Hoodspeth,fhoodspethlt@cam.ac.uk,Male,175.222.76.195,2022/02/20
787,Malinde,Gillings,mgillingslu@nhs.uk,Female,56.99.28.127,2021/08/30
788,Livvy,Maskew,lmaskewlv@shop-pro.jp,Female,71.20.201.61,2021/12/11
789,Nico,Shearn,nshearnlw@elegantthemes.com,Male,200.169.168.199,2021/06/30
790,Betteann,Trewartha,btrewarthalx@google.com,Polygender,129.24.137.130,2022/03/07
791,Corabelle,Hritzko,chritzkoly@about.com,Agender,212.126.73.31,2022/05/28
792,Morgen,Bowhey,mbowheylz@smugmug.com,Female,2.231.106.41,2021/12/22
793,Emeline,Dymidowicz,edymidowiczm0@cbslocal.com,Female,31.72.185.147,2022/06/14
794,Gusti,Barron,gbarronm1@ezinearticles.com,Female,227.153.11.180,2021/10/26
795,Gregoor,McIlwreath,gmcilwreathm2@dedecms.com,Male,188.121.192.25,2021/09/23
796,Jacinthe,O'Rourke,jorourkem3@imgur.com,Female,10.26.204.118,2021/08/31
797,Danila,Luxford,dluxfordm4@cbslocal.com,Female,137.181.199.91,2021/09/28
798,Hakim,Kaines,hkainesm5@4shared.com,Male,241.75.20.161,2021/09/01
799,Nicolai,Wike,nwikem6@altervista.org,Male,158.139.207.144,2022/04/27
800,Osbourn,Flowerdew,oflowerdewm7@dailymotion.com,Male,77.57.24.98,2022/04/29
801,Joaquin,Landre,jlandrem8@howstuffworks.com,Bigender,98.139.58.183,2021/07/25
802,Jamal,Ranyell,jranyellm9@fastcompany.com,Male,252.24.177.112,2021/10/09
803,Tarra,Kardos-Stowe,tkardosstowema@cafepress.com,Genderqueer,82.174.69.52,2022/02/06
804,Letti,Loade,lloademb@usgs.gov,Female,76.22.19.109,2021/10/25
805,Elicia,Slocket,eslocketmc@unblog.fr,Genderqueer,202.82.61.231,2022/02/22
806,Vic,Hultberg,vhultbergmd@vk.com,Male,69.195.123.184,2022/02/20
807,Uri,Durgan,udurganme@java.com,Male,92.93.255.112,2022/03/20
808,Maurise,Garlinge,mgarlingemf@godaddy.com,Female,49.93.43.176,2022/03/12
809,Donall,Benkin,dbenkinmg@imgur.com,Male,8.147.198.127,2021/10/20
810,Cordy,Foyle,cfoylemh@disqus.com,Female,16.182.163.67,2021/08/17
811,Wiley,Barstowk,wbarstowkmi@google.pl,Male,222.43.67.255,2021/10/06
812,Jarad,Teal,jtealmj@discovery.com,Male,240.119.90.209,2022/04/12
813,Cazzie,Boyfield,cboyfieldmk@psu.edu,Male,196.204.65.35,2022/06/10
814,Annetta,Jedrzejczyk,ajedrzejczykml@dyndns.org,Female,182.162.43.89,2021/12/19
815,Baldwin,Ely,belymm@blogs.com,Male,78.254.187.193,2021/12/12
816,Darrin,Ridoutt,dridouttmn@sun.com,Male,200.152.51.83,2022/03/12
817,Sophia,Saurin,ssaurinmo@deliciousdays.com,Female,125.222.67.74,2022/01/27
818,Filmore,Heavens,fheavensmp@timesonline.co.uk,Male,71.192.170.222,2021/07/05
819,Olly,Breacher,obreachermq@so-net.ne.jp,Male,17.246.57.214,2021/08/15
820,Jemmie,Fortnam,jfortnammr@jalbum.net,Female,186.92.138.125,2021/10/06
821,Tedd,Jouannin,tjouanninms@redcross.org,Male,246.164.220.177,2022/06/17
822,Krystyna,De Freyne,kdefreynemt@goodreads.com,Female,149.136.42.90,2022/02/10
823,Llywellyn,Reolfi,lreolfimu@blog.com,Male,160.121.109.228,2022/01/07
824,Nora,Cicero,nciceromv@sogou.com,Female,181.168.208.76,2021/12/05
825,Cody,Ickov,cickovmw@pinterest.com,Female,31.14.252.234,2022/01/17
826,Jennilee,Mulqueen,jmulqueenmx@nhs.uk,Female,83.239.196.76,2021/08/05
827,Meta,Kilmurry,mkilmurrymy@printfriendly.com,Female,17.123.190.176,2021/10/05
828,Nappy,McGowan,nmcgowanmz@elegantthemes.com,Male,173.28.228.174,2022/05/24
829,Nilson,Piatkow,npiatkown0@ovh.net,Male,245.183.164.246,2021/06/21
830,Romy,Leicester,rleicestern1@wunderground.com,Genderqueer,168.213.188.147,2022/06/20
831,Eleen,Caldicott,ecaldicottn2@bloomberg.com,Agender,245.189.53.145,2022/06/24
832,Neysa,Brass,nbrassn3@paypal.com,Female,60.163.242.161,2022/01/15
833,Joellen,Garlant,jgarlantn4@simplemachines.org,Female,86.18.188.41,2021/07/29
834,Ashlie,Triplet,atripletn5@businessweek.com,Agender,141.240.78.78,2021/11/04
835,Rosette,Beazley,rbeazleyn6@drupal.org,Female,95.109.86.101,2021/10/01
836,Arny,Fleeming,afleemingn7@kickstarter.com,Male,109.110.182.155,2022/04/24
837,Abagael,Pagan,apagann8@over-blog.com,Female,182.237.246.122,2022/02/14
838,Ajay,Beeke,abeeken9@123-reg.co.uk,Female,5.232.196.201,2021/10/30
839,Odelle,Stegell,ostegellna@ezinearticles.com,Female,221.158.188.167,2021/11/13
840,Kahaleel,Doram,kdoramnb@yandex.ru,Male,98.17.215.143,2022/02/21
841,Francois,Veall,fveallnc@kickstarter.com,Male,49.56.42.142,2022/03/18
842,Beverley,Virgo,bvirgond@infoseek.co.jp,Genderfluid,139.143.63.118,2022/01/07
843,Simmonds,Lomasney,slomasneyne@so-net.ne.jp,Male,91.176.117.247,2021/10/21
844,Cari,Killiam,ckilliamnf@yellowpages.com,Female,130.98.248.179,2022/06/27
845,Reece,Liptrot,rliptrotng@mtv.com,Male,253.238.231.132,2021/10/26
846,Dyanna,Popland,dpoplandnh@hostgator.com,Female,14.89.222.238,2021/12/23
847,Dalia,Henzley,dhenzleyni@csmonitor.com,Female,147.138.203.58,2021/07/22
848,Steffen,Allebone,sallebonenj@mayoclinic.com,Male,7.7.106.205,2022/02/19
849,Inger,Baggs,ibaggsnk@shutterfly.com,Male,90.75.3.112,2022/05/06
850,Sheilah,Walaron,swalaronnl@nydailynews.com,Female,27.197.182.139,2021/06/01
851,Alysa,McLeish,amcleishnm@cbslocal.com,Female,139.3.181.116,2022/03/09
852,Astrix,Sheere,asheerenn@nyu.edu,Female,193.64.86.6,2021/12/22
853,Ardelis,De la croix,adelacroixno@canalblog.com,Female,164.251.148.162,2021/11/28
854,Candis,d' Elboux,cdelbouxnp@rediff.com,Female,98.186.181.50,2021/06/03
855,Ailsun,Hurne,ahurnenq@miibeian.gov.cn,Female,13.221.242.113,2022/02/10
856,Conny,Scragg,cscraggnr@va.gov,Female,172.0.16.208,2022/04/26
857,Tucker,Hakes,thakesns@sun.com,Male,98.174.28.209,2021/10/17
858,Lindy,Scotchmor,lscotchmornt@histats.com,Male,35.139.230.219,2022/03/02
859,Jessey,Ganderton,jgandertonnu@rambler.ru,Male,23.7.50.38,2021/09/29
860,Jamaal,Eagleton,jeagletonnv@dot.gov,Male,78.101.91.63,2022/04/22
861,Lori,Abarough,labaroughnw@google.ru,Female,133.176.7.137,2021/10/29
862,Keslie,Marzelo,kmarzelonx@cargocollective.com,Female,103.223.65.241,2021/12/04
863,Colby,Vinden,cvindenny@weather.com,Male,215.30.34.212,2021/09/08
864,Melisandra,Houlaghan,mhoulaghannz@eventbrite.com,Female,31.98.24.249,2021/07/11
865,Andrey,Pesic,apesico0@quantcast.com,Male,37.124.172.95,2022/06/16
866,Flinn,Kleinpeltz,fkleinpeltzo1@feedburner.com,Male,65.184.80.197,2021/06/15
867,Kate,Solesbury,ksolesburyo2@reuters.com,Female,79.177.146.212,2021/11/12
868,Corty,Chaucer,cchaucero3@sciencedaily.com,Male,159.137.245.26,2021/08/25
869,Will,McCarter,wmccartero4@earthlink.net,Male,38.61.192.46,2021/10/26
870,Isadore,Lukovic,ilukovico5@phoca.cz,Male,237.67.25.183,2022/03/19
871,Earle,Anderbrugge,eanderbruggeo6@typepad.com,Male,113.52.31.231,2022/04/05
872,Neda,Unstead,nunsteado7@de.vu,Female,146.37.161.137,2022/03/07
873,Reece,Gatward,rgatwardo8@skype.com,Male,54.230.204.159,2021/11/18
874,Cosmo,Muat,cmuato9@e-recht24.de,Male,151.120.84.86,2022/01/22
875,Eduardo,Colthard,ecolthardoa@house.gov,Male,40.127.164.174,2022/04/20
876,Celesta,Niblett,cniblettob@biblegateway.com,Female,11.125.119.101,2021/08/17
877,Bale,Bampforth,bbampforthoc@boston.com,Male,33.178.100.198,2021/06/26
878,Arabelle,Peacock,apeacockod@lulu.com,Female,174.83.161.111,2021/07/31
879,Blinni,Bartholomew,bbartholomewoe@google.de,Genderfluid,55.78.125.144,2021/06/21
880,Sandor,Comino,scominoof@4shared.com,Bigender,144.139.85.247,2021/07/13
881,Jaquelin,Briatt,jbriattog@digg.com,Female,95.125.151.111,2021/06/27
882,Walther,Maskrey,wmaskreyoh@facebook.com,Male,95.91.170.21,2022/02/01
883,Aggi,Dart,adartoi@creativecommons.org,Female,156.110.45.112,2021/07/28
884,Jodie,Sillitoe,jsillitoeoj@mac.com,Male,115.195.24.216,2022/06/14
885,Chevalier,Stollenberg,cstollenbergok@adobe.com,Male,206.58.86.174,2022/03/31
886,Lek,Pavlik,lpavlikol@macromedia.com,Male,99.81.35.125,2022/01/31
887,Libby,Tildesley,ltildesleyom@eepurl.com,Bigender,30.151.147.204,2022/05/19
888,Kalila,Roddam,kroddamon@dropbox.com,Female,217.177.241.14,2021/08/23
889,Humfrid,Benoist,hbenoistoo@so-net.ne.jp,Male,157.184.8.217,2022/02/01
890,Leticia,Hurdle,lhurdleop@feedburner.com,Female,168.77.188.85,2022/05/24
891,Rickie,Hischke,rhischkeoq@posterous.com,Male,246.150.216.70,2021/06/12
892,Galvan,Feldbau,gfeldbauor@amazon.de,Male,192.103.116.175,2022/02/14
893,Patience,Node,pnodeos@hp.com,Female,150.0.143.215,2022/05/06
894,Collie,Swanger,cswangerot@yellowpages.com,Female,195.122.23.119,2022/02/06
895,Malachi,Josebury,mjoseburyou@salon.com,Male,114.92.112.84,2021/08/26
896,Jesselyn,Crufts,jcruftsov@dell.com,Female,146.59.187.249,2021/06/10
897,Arda,Caldecourt,acaldecourtow@ox.ac.uk,Female,242.21.16.45,2021/10/26
898,Aldous,Gemmill,agemmillox@wikipedia.org,Genderqueer,82.147.214.16,2021/07/05
899,Zsazsa,Osment,zosmentoy@ox.ac.uk,Female,234.123.89.31,2021/10/08
900,Perry,Jago,pjagooz@aboutads.info,Female,100.201.181.154,2022/02/04
901,Garv,Kennion,gkennionp0@alibaba.com,Male,155.22.14.30,2021/06/16
902,Ruy,Frackiewicz,rfrackiewiczp1@constantcontact.com,Male,207.21.1.145,2022/01/14
903,Dorian,Risely,driselyp2@berkeley.edu,Male,43.155.88.201,2021/12/21
904,Wendell,Marin,wmarinp3@studiopress.com,Male,152.65.224.93,2021/11/15
905,Felizio,Flicker,fflickerp4@fastcompany.com,Male,182.103.199.192,2021/12/06
906,Yetta,Uglow,yuglowp5@amazon.com,Female,126.145.179.12,2021/09/13
907,Alfred,Hickinbottom,ahickinbottomp6@digg.com,Male,105.75.33.58,2021/06/23
908,Ase,Areles,aarelesp7@dailymotion.com,Male,32.169.26.58,2021/12/07
909,Frederigo,Orfeur,forfeurp8@wordpress.com,Male,64.167.238.171,2021/06/18
910,Cicily,Sneyd,csneydp9@intel.com,Female,32.169.130.75,2022/05/24
911,Patrick,Lindup,plinduppa@photobucket.com,Male,107.205.144.59,2021/06/04
912,Gustav,Mahody,gmahodypb@odnoklassniki.ru,Male,18.197.102.78,2022/05/10
913,Janina,Brandenberg,jbrandenbergpc@alibaba.com,Female,131.48.228.246,2022/03/05
914,Rianon,Bosman,rbosmanpd@over-blog.com,Agender,244.158.214.96,2021/11/22
915,Filip,Heymes,fheymespe@google.it,Bigender,158.23.127.65,2021/12/05
916,Wilek,Utley,wutleypf@123-reg.co.uk,Male,222.118.53.99,2022/01/03
917,Onida,Dran,odranpg@miitbeian.gov.cn,Female,176.85.149.231,2021/09/21
918,Tamera,Foresight,tforesightph@cbslocal.com,Female,207.12.5.198,2022/02/08
919,Roosevelt,Faireclough,rfairecloughpi@blogs.com,Agender,49.127.65.213,2021/12/11
920,Brooks,Dinneen,bdinneenpj@nps.gov,Female,217.148.255.2,2022/06/19
921,Desi,Dodworth,ddodworthpk@canalblog.com,Male,250.78.48.161,2022/01/30
922,Frank,Bartoszewski,fbartoszewskipl@sun.com,Male,216.200.102.224,2021/06/03
923,Haydon,Vazquez,hvazquezpm@businessweek.com,Male,29.236.214.121,2022/06/07
924,Arabelle,Rickards,arickardspn@epa.gov,Female,155.7.126.208,2021/08/01
925,Cornell,Maidens,cmaidenspo@mtv.com,Male,232.253.225.142,2021/09/13
926,Rik,Arens,rarenspp@howstuffworks.com,Male,109.252.63.251,2022/04/25
927,Nev,Elder,nelderpq@sina.com.cn,Male,124.4.41.144,2021/08/21
928,Lizette,Varden,lvardenpr@un.org,Female,190.77.20.161,2021/09/21
929,Finn,Tuffs,ftuffsps@vinaora.com,Male,216.182.85.187,2022/05/17
930,Nicola,Venus,nvenuspt@drupal.org,Male,126.149.245.226,2021/07/29
931,Beatrisa,Etock,betockpu@mtv.com,Female,192.171.30.184,2021/08/07
932,Ogdon,Gauvain,ogauvainpv@umich.edu,Male,117.25.196.87,2022/02/08
933,Fitz,Odam,fodampw@yahoo.com,Male,17.160.154.233,2021/12/06
934,Aurie,Backshall,abackshallpx@toplist.cz,Female,204.218.188.153,2021/12/30
935,Faustine,Hodcroft,fhodcroftpy@fastcompany.com,Genderfluid,9.208.10.51,2022/04/04
936,Coletta,Celier,ccelierpz@plala.or.jp,Female,40.122.166.188,2022/01/02
937,Claude,McPolin,cmcpolinq0@ihg.com,Female,52.175.179.22,2022/02/14
938,Brande,Beardshall,bbeardshallq1@dion.ne.jp,Female,144.216.132.202,2021/11/19
939,Tamara,Gumbrell,tgumbrellq2@rakuten.co.jp,Female,119.161.138.97,2021/11/09
940,Nonnah,Liddiatt,nliddiattq3@ifeng.com,Female,161.28.116.118,2021/12/06
941,Fulton,Warrener,fwarrenerq4@plala.or.jp,Male,32.94.80.232,2021/12/04
942,Mariann,Gerholz,mgerholzq5@blogspot.com,Female,66.79.174.34,2022/03/01
943,Sol,Woolf,swoolfq6@360.cn,Male,234.167.115.198,2021/06/03
944,Heywood,Shiel,hshielq7@harvard.edu,Male,127.140.70.89,2021/09/25
945,Jarrid,Surgenor,jsurgenorq8@state.tx.us,Male,219.251.85.23,2022/05/25
946,Susannah,Floyed,sfloyedq9@constantcontact.com,Female,55.255.174.29,2022/04/03
947,Shani,Warstall,swarstallqa@netscape.com,Female,148.176.184.201,2022/01/06
948,Annmarie,Faunt,afauntqb@dmoz.org,Female,74.243.233.219,2022/04/25
949,Catlee,Stenyng,cstenyngqc@ehow.com,Female,170.208.235.248,2022/02/19
950,Berri,Sealeaf,bsealeafqd@psu.edu,Female,154.143.58.84,2022/04/24
951,Kimbra,Mahomet,kmahometqe@hud.gov,Female,119.193.245.97,2022/03/24
952,Sioux,Willmot,swillmotqf@narod.ru,Female,214.21.78.38,2021/07/18
953,Hasheem,Talkington,htalkingtonqg@princeton.edu,Male,203.208.16.58,2022/01/27
954,Glenna,Rubinsztein,grubinszteinqh@oaic.gov.au,Female,213.100.61.252,2022/06/04
955,Elysha,Shee,esheeqi@blog.com,Female,181.156.38.50,2022/02/04
956,Buffy,Gurling,bgurlingqj@altervista.org,Female,198.169.236.107,2022/04/28
957,Evelin,Hedgecock,ehedgecockqk@smugmug.com,Bigender,244.212.130.21,2021/12/26
958,Goddard,Vyse,gvyseql@hugedomains.com,Male,15.206.32.76,2022/02/03
959,Guido,Garrigan,ggarriganqm@ifeng.com,Agender,105.57.63.181,2022/02/07
960,Luke,Ralston,lralstonqn@bravesites.com,Male,156.0.130.7,2022/05/05
961,Bo,Grammer,bgrammerqo@so-net.ne.jp,Male,114.229.113.179,2021/07/30
962,Ingaborg,Allcott,iallcottqp@webnode.com,Female,28.203.46.96,2022/03/25
963,Luce,Pecha,lpechaqq@un.org,Male,133.117.46.88,2022/03/03
964,Theresita,Lathe,tlatheqr@go.com,Female,187.1.6.78,2022/02/13
965,Mehetabel,Tutchener,mtutchenerqs@nydailynews.com,Female,95.30.50.113,2022/06/12
966,Nannette,Lippiett,nlippiettqt@mac.com,Female,219.192.253.66,2022/04/10
967,Brunhilda,Meace,bmeacequ@linkedin.com,Agender,82.139.21.14,2021/10/16
968,Arleen,Growcott,agrowcottqv@dailymail.co.uk,Female,237.194.120.237,2022/03/06
969,Berri,Jarrold,bjarroldqw@wufoo.com,Female,192.94.173.76,2021/09/27
970,Elvis,Edmans,eedmansqx@1688.com,Bigender,89.222.142.115,2022/01/18
971,Bennie,Jardin,bjardinqy@4shared.com,Male,112.169.197.100,2022/04/09
972,Gerry,Josefson,gjosefsonqz@huffingtonpost.com,Male,170.209.153.13,2022/06/20
973,Bradly,Fullicks,bfullicksr0@uol.com.br,Male,49.67.232.18,2022/06/24
974,Clayborn,Tomich,ctomichr1@toplist.cz,Male,206.125.24.110,2021/11/23
975,Hastie,Dutnall,hdutnallr2@reuters.com,Male,130.131.153.157,2022/02/17
976,Nanete,Moreby,nmorebyr3@seesaa.net,Female,67.76.194.237,2021/07/29
977,Ingar,Mowson,imowsonr4@deliciousdays.com,Male,10.165.171.22,2022/02/01
978,Erskine,Vanns,evannsr5@shinystat.com,Male,127.68.127.104,2022/05/06
979,Roman,Deegan,rdeeganr6@over-blog.com,Male,187.188.226.7,2021/12/31
980,Minta,Kiddy,mkiddyr7@gmpg.org,Female,254.72.192.31,2021/11/10
981,Petrina,Juliano,pjulianor8@homestead.com,Female,88.190.124.199,2022/04/13
982,Dulce,Blackford,dblackfordr9@fotki.com,Female,157.137.164.141,2022/05/08
983,Kristina,Petriello,kpetriellora@nhs.uk,Female,189.161.203.137,2022/06/26
984,Hort,Albrecht,halbrechtrb@example.com,Male,115.136.51.37,2022/05/28
985,Ramon,Penas,rpenasrc@github.io,Male,164.181.146.24,2021/06/23
986,Fredia,Crozier,fcrozierrd@constantcontact.com,Female,183.34.54.247,2021/09/09
987,Minda,Corro,mcorrore@si.edu,Genderqueer,22.115.46.13,2021/11/13
988,Claudianus,Potkin,cpotkinrf@jigsy.com,Male,220.63.94.113,2022/01/14
989,Wilfrid,Bousler,wbouslerrg@wikia.com,Male,248.183.179.92,2021/08/19
990,Brandie,Urey,bureyrh@bravesites.com,Female,252.141.250.82,2021/12/07
991,Jaclin,MacGuiness,jmacguinessri@xrea.com,Female,49.158.174.150,2021/10/28
992,Gertrude,Drust,gdrustrj@timesonline.co.uk,Female,59.146.16.255,2022/06/25
993,Seana,Doerren,sdoerrenrk@buzzfeed.com,Female,20.72.14.30,2022/03/27
994,Conrad,Dobbie,cdobbierl@hubpages.com,Male,174.65.134.245,2022/01/17
995,Alvinia,Leonarde,aleonarderm@netlog.com,Female,101.80.93.79,2022/04/30
996,Dido,Grewer,dgrewerrn@state.gov,Female,215.55.129.240,2021/07/02
997,Enriqueta,Lifton,eliftonro@example.com,Female,141.165.229.51,2022/05/17
998,Somerset,Suthren,ssuthrenrp@csmonitor.com,Male,225.122.74.189,2022/03/08
999,Pier,Dunstan,pdunstanrq@imgur.com,Non-binary,153.216.136.95,2022/01/18
1000,Mathias,Greggor,mgreggorrr@gmpg.org,Male,202.253.186.65,2021/07/10
